key_size,key_bits,file_type,input_size,input_bytes,input_MB,trial,enc_time_ms,dec_time_ms,enc_throughput_MBps,dec_throughput_MBps,enc_cpu_pct,dec_cpu_pct,enc_cpu_os_pct,dec_cpu_os_pct,enc_peak_MB,dec_peak_MB,rss_MB,verified
AES-128,128,BIN,1KB,1024,0.000976562,1,0.0128,0.00759994,76.2941,128.496,100.006,100,68.7497,68.7497,0.00151634,0.00145817,40.8164,PASS
AES-192,192,BIN,1KB,1024,0.000976562,1,0.0279001,0.00730006,35.0021,133.775,99.9953,99.8236,81.2495,87.4999,0.00151634,0.00145817,40.8164,PASS
AES-256,256,BIN,1KB,1024,0.000976562,1,0.0171,0.00770006,57.1089,126.825,99.9441,99.9549,49.9998,74.9997,0.00151634,0.00145817,40.8789,PASS
AES-192,192,BIN,1KB,1024,0.000976562,2,0.0222999,0.00939996,43.7922,103.89,99.8492,99.9146,68.7497,87.4996,0.00151634,0.00145817,40.8789,PASS
AES-256,256,BIN,1KB,1024,0.000976562,2,0.0265001,0.0111,36.8513,87.9789,99.6933,98.6822,43.7491,81.2481,0.00151634,0.00145817,40.1914,PASS
AES-128,128,BIN,1KB,1024,0.000976562,2,0.0496,0.0289,19.6887,33.7911,96.716,97.2808,49.9983,68.7496,0.00151634,0.00145817,35.6367,PASS
AES-256,256,BIN,1KB,1024,0.000976562,3,0.0529001,0.0281,18.4605,34.7531,98.3538,96.0824,56.2488,74.9996,0.00151634,0.00145817,35.6367,PASS
AES-128,128,BIN,1KB,1024,0.000976562,3,0.0435,0.0307,22.4497,31.8099,94.7461,93.4688,6.24983,49.9989,0.00151634,0.00145817,35.6367,PASS
AES-192,192,BIN,1KB,1024,0.000976562,3,0.0631,0.029,15.4764,33.6746,98.2271,96.7769,62.4997,68.7485,0.00151634,0.00145817,35.6367,PASS
AES-128,128,BIN,1KB,1024,0.000976562,4,0.0522,0.0318,18.7081,30.7095,99.0379,97.8535,81.2469,62.5,0.00151634,0.00145817,35.6367,PASS
AES-192,192,BIN,1KB,1024,0.000976562,4,0.0422,0.0286,23.1413,34.1456,98.0003,96.6657,68.7472,62.4985,0.00151634,0.00145817,35.6367,PASS
AES-256,256,BIN,1KB,1024,0.000976562,4,0.0455,0.0309,21.4629,31.604,94.5499,92.8152,24.9993,31.2497,0.00151634,0.00145817,35.6367,PASS
AES-192,192,BIN,1KB,1024,0.000976562,5,0.0464,0.0283,21.0466,34.5075,94.3266,94.359,43.748,43.7498,0.00151634,0.00145817,35.6367,PASS
AES-256,256,BIN,1KB,1024,0.000976562,5,0.0517,0.0341,18.889,28.6382,95.4087,91.1796,43.7496,49.9991,0.00151634,0.00145817,35.6367,PASS
AES-128,128,BIN,1KB,1024,0.000976562,5,0.0468,0.031,20.8667,31.502,95.9601,96.3556,56.2498,43.749,0.00151634,0.00145817,35.6367,PASS
AES-256,256,BIN,1KB,1024,0.000976562,6,0.0503,0.0301,19.4147,32.4439,96.1254,94.5883,31.2493,43.7497,0.00151634,0.00145817,35.6367,PASS
AES-128,128,BIN,1KB,1024,0.000976562,6,0.0457,0.0416001,21.369,23.475,95.0428,91.7698,68.7498,24.9994,0.00151634,0.00145817,35.6367,PASS
AES-192,192,BIN,1KB,1024,0.000976562,6,0.055,0.0304,17.7557,32.1238,95.318,96.3559,43.749,31.2498,0.00151634,0.00145817,35.6367,PASS
AES-128,128,BIN,1KB,1024,0.000976562,7,0.0432001,0.0299,22.6056,32.661,98.8017,93.0217,87.4985,37.4991,0.00151634,0.00145817,35.6367,PASS
AES-192,192,BIN,1KB,1024,0.000976562,7,0.0510999,0.0385001,19.1108,25.3652,95.7486,93.5533,37.4983,0,0.00151634,0.00145817,35.6406,PASS
AES-256,256,BIN,1KB,1024,0.000976562,7,0.0427,0.0265,22.8703,36.8515,95.4032,96.2929,37.4995,43.7498,0.00151634,0.00145817,35.6406,PASS
AES-192,192,BIN,1KB,1024,0.000976562,8,0.0576,0.04,16.9542,24.4141,86.9439,94.5652,31.2491,43.7497,0.00151634,0.00145817,35.6406,PASS
AES-256,256,BIN,1KB,1024,0.000976562,8,0.0439,0.0239001,22.2452,40.8602,93.084,95.566,43.7489,37.4991,0.00151634,0.00145817,35.6406,PASS
AES-128,128,BIN,1KB,1024,0.000976562,8,0.0503,0.0288,19.4147,33.9084,97.3214,91.4825,43.7485,18.7497,0.00151634,0.00145817,35.6406,PASS
AES-256,256,BIN,1KB,1024,0.000976562,9,0.0496999,0.0303001,19.6492,32.2297,96.9263,98.3419,81.2484,81.2485,0.00151634,0.00145817,35.6406,PASS
AES-128,128,BIN,1KB,1024,0.000976562,9,0.0514,0.0283,18.9993,34.5075,97.7084,94.6519,62.4994,68.7499,0.00151634,0.00145817,35.6406,PASS
AES-192,192,BIN,1KB,1024,0.000976562,9,0.0543999,0.0454,17.9515,21.5102,90.0322,95.7804,31.2493,49.9999,0.00151634,0.00145817,35.6406,PASS
AES-128,128,BIN,1KB,1024,0.000976562,10,0.0422,0.0319999,23.1413,30.5177,94.5904,95.1341,24.9992,49.9996,0.00151634,0.00145817,35.6406,PASS
AES-192,192,BIN,1KB,1024,0.000976562,10,0.0592,0.1952,16.496,5.00288,96.5823,94.701,74.9985,56.2487,0.00151634,0.00145817,35.6406,PASS
AES-256,256,BIN,1KB,1024,0.000976562,10,0.0553001,0.0272,17.6593,35.9031,97.2871,98.2188,43.7494,62.4822,0.00151634,0.00145817,35.6406,PASS
AES-128,128,BIN,100KB,102400,0.0976562,1,0.0738,0.0606,1323.26,1611.49,98.1535,91.3973,68.7389,81.2312,0.098196,0.0981379,34.5,PASS
AES-192,192,BIN,100KB,102400,0.0976562,1,0.0965,0.1638,1011.98,596.192,95.9538,95.1413,56.2469,56.2397,0.098196,0.0981379,34.5,PASS
AES-256,256,BIN,100KB,102400,0.0976562,1,0.0824,0.1534,1185.15,636.612,95.6698,97.7983,43.7434,43.7463,0.098196,0.0981379,34.5,PASS
AES-192,192,BIN,100KB,102400,0.0976562,2,0.1091,0.2202,895.108,443.489,90.7289,96.8242,49.9074,56.2471,0.098196,0.0981379,34.5,PASS
AES-256,256,BIN,100KB,102400,0.0976562,2,0.0922,0.1553,1059.18,628.823,95.9859,95.3633,24.9996,37.4986,0.098196,0.0981379,34.0977,PASS
AES-128,128,BIN,100KB,102400,0.0976562,2,0.128,0.0913,762.939,1069.62,96.5467,93.4117,62.4911,56.2446,0.098196,0.0981379,34.5,PASS
AES-256,256,BIN,100KB,102400,0.0976562,3,0.0820999,0.1604,1189.48,608.829,94.9948,96.2072,12.4993,24.9975,0.098196,0.0981379,34.0977,PASS
AES-128,128,BIN,100KB,102400,0.0976562,3,0.0842999,0.0782,1158.44,1248.8,93.4755,95.9724,24.9968,49.9943,0.098196,0.0981379,34.5,PASS
AES-192,192,BIN,100KB,102400,0.0976562,3,0.0826999,0.1438,1180.85,679.112,89.8637,95.5254,31.2495,18.7499,0.098196,0.0981379,34.0977,PASS
AES-128,128,BIN,100KB,102400,0.0976562,4,0.091,0.0778,1073.15,1255.22,94.822,93.327,24.9959,24.9903,0.098196,0.0981379,34.5,PASS
AES-192,192,BIN,100KB,102400,0.0976562,4,0.1048,0.0849001,931.835,1150.25,95.5253,95.4738,56.2455,49.9953,0.098196,0.0981379,34.5,PASS
AES-256,256,BIN,100KB,102400,0.0976562,4,0.093,0.1409,1050.07,693.089,95.1066,96.1321,37.4985,43.7474,0.098196,0.0981379,34.0977,PASS
AES-192,192,BIN,100KB,102400,0.0976562,5,0.0943999,0.0686999,1034.5,1421.49,93.3976,92.8226,37.4961,37.492,0.098196,0.0981379,34.0977,PASS
AES-256,256,BIN,100KB,102400,0.0976562,5,0.1121,0.0848999,871.153,1150.25,91.3482,95.5221,18.7494,43.7443,0.098196,0.0981379,34.0977,PASS
AES-128,128,BIN,100KB,102400,0.0976562,5,0.0872001,0.0641,1119.91,1523.5,95.4188,97.5039,24.9971,31.2488,0.098196,0.0981379,34.5,PASS
AES-256,256,BIN,100KB,102400,0.0976562,6,0.0921,0.1704,1060.33,573.1,91.7619,96.709,43.7494,37.4998,0.098196,0.0981379,34.0977,PASS
AES-128,128,BIN,100KB,102400,0.0976562,6,0.1267,0.1105,770.767,883.767,97.0761,97.6609,0,56.2463,0.098196,0.0981379,34.5,PASS
AES-192,192,BIN,100KB,102400,0.0976562,6,0.0801,0.151,1219.18,646.73,96.7198,90.291,37.4978,49.983,0.098196,0.0981379,34.5,PASS
AES-128,128,BIN,100KB,102400,0.0976562,7,0.09,0.154,1085.07,634.131,96.3861,96.0819,43.7494,37.4988,0.098196,0.0981379,34.5,PASS
AES-192,192,BIN,100KB,102400,0.0976562,7,0.0800999,0.1431,1219.18,682.433,96.1526,97.2734,18.749,43.7454,0.098196,0.0981379,34.5,PASS
AES-256,256,BIN,100KB,102400,0.0976562,7,0.1134,0.1664,861.167,586.877,89.3873,96.2937,18.7493,68.7486,0.098196,0.0981379,34.0977,PASS
AES-192,192,BIN,100KB,102400,0.0976562,8,0.0852001,0.0791,1146.2,1234.59,96.7209,96.6663,49.9984,31.2463,0.098196,0.0981379,34.5,PASS
AES-256,256,BIN,100KB,102400,0.0976562,8,0.1039,0.1513,939.906,645.447,98.6143,94.0481,62.4974,37.4991,0.098196,0.0981379,34.5,PASS
AES-128,128,BIN,100KB,102400,0.0976562,8,0.1161,0.2049,841.139,476.605,97.2076,97.5696,37.4971,31.2474,0.098196,0.0981379,34.5,PASS
AES-256,256,BIN,100KB,102400,0.0976562,9,0.0854001,0.1556,1143.51,627.611,96.2896,95.0266,18.7496,49.9974,0.098196,0.0981379,34.0977,PASS
AES-128,128,BIN,100KB,102400,0.0976562,9,0.093,0.0622,1050.07,1570.04,94.9525,96.4376,43.7464,49.9973,0.098196,0.0981379,34.5,PASS
AES-192,192,BIN,100KB,102400,0.0976562,9,0.1237,0.2133,789.46,457.835,94.2751,96.8906,24.9966,24.9905,0.098196,0.0981379,34.0977,PASS
AES-128,128,BIN,100KB,102400,0.0976562,10,0.1018,0.0681999,959.296,1431.91,97.2663,96.7485,18.7498,43.7443,0.098196,0.0981379,34.5,PASS
AES-192,192,BIN,100KB,102400,0.0976562,10,0.0995999,0.1319,980.485,740.381,97.2346,98.3856,31.2476,68.7403,0.098196,0.0981379,34.4766,PASS
AES-256,256,BIN,100KB,102400,0.0976562,10,0.0937,0.1306,1042.22,747.751,96.9601,99.261,62.4929,81.2456,0.098196,0.0981379,34.4766,PASS
AES-128,128,BIN,1MB,1048576,1,1,0.7971,0.9924,1254.55,1007.66,98.7787,98.1358,68.5844,43.7301,1.00054,1.00048,35.8281,PASS
AES-192,192,BIN,1MB,1048576,1,1,0.6623,0.5266,1509.89,1898.97,98.3992,98.6795,37.3982,43.7281,1.00054,1.00048,35.8281,PASS
AES-256,256,BIN,1MB,1048576,1,1,0.6679,0.8923,1497.23,1120.7,99.1417,98.7146,74.8165,81.1788,1.00054,1.00048,35.832,PASS
AES-192,192,BIN,1MB,1048576,1,2,0.7105,0.6956,1407.46,1437.61,98.7528,98.546,49.8562,87.3215,1.00054,1.00048,35.832,PASS
AES-256,256,BIN,1MB,1048576,1,2,0.5118,0.8795,1953.89,1137.01,98.6158,98.587,87.2423,62.3338,1.00054,1.00048,35.832,PASS
AES-128,128,BIN,1MB,1048576,1,2,0.6673,0.6467,1498.58,1546.31,96.8044,99.0047,68.5865,81.1368,1.00054,1.00048,35.832,PASS
AES-256,256,BIN,1MB,1048576,1,3,1.2694,0.892,787.774,1121.08,97.5353,97.49,68.5906,74.8466,1.00054,1.00048,35.832,PASS
AES-128,128,BIN,1MB,1048576,1,3,0.6453,0.6976,1549.67,1433.49,98.0561,98.9458,18.7271,74.9987,1.00054,1.00048,35.832,PASS
AES-192,192,BIN,1MB,1048576,1,3,0.8686,0.7932,1151.28,1260.72,98.2405,98.7496,37.4674,56.1958,1.00054,1.00048,35.832,PASS
AES-128,128,BIN,1MB,1048576,1,4,0.8197,0.6538,1219.96,1529.52,98.8274,98.6148,56.1067,43.7306,1.00054,1.00048,35.832,PASS
AES-192,192,BIN,1MB,1048576,1,4,0.7,0.7061,1428.57,1416.23,97.9929,99.0156,81.058,74.8081,1.00054,1.00048,35.832,PASS
AES-256,256,BIN,1MB,1048576,1,4,0.679,0.6554,1472.75,1525.79,99.2346,99.1695,74.8329,62.4092,1.00054,1.00048,35.832,PASS
AES-192,192,BIN,1MB,1048576,1,5,0.6864,0.7578,1456.88,1319.61,97.5181,98.23,43.7401,62.3442,1.00054,1.00048,35.832,PASS
AES-256,256,BIN,1MB,1048576,1,5,0.6561,0.6723,1524.16,1487.43,98.4459,98.2781,56.0985,68.6729,1.00054,1.00048,35.832,PASS
AES-128,128,BIN,1MB,1048576,1,5,0.6187,0.6794,1616.29,1471.89,97.8306,99.1334,68.6012,93.5173,1.00054,1.00048,35.832,PASS
AES-256,256,BIN,1MB,1048576,1,6,0.6899,0.7055,1449.49,1417.43,98.2735,97.2994,87.2588,62.3703,1.00054,1.00048,35.832,PASS
AES-128,128,BIN,1MB,1048576,1,6,0.6343,0.6351,1576.54,1574.56,98.4544,95.5754,93.6504,68.6306,1.00054,1.00048,35.832,PASS
AES-192,192,BIN,1MB,1048576,1,6,0.702,0.8427,1424.5,1186.66,99.1304,98.2699,99.7844,56.2045,1.00054,1.00048,35.832,PASS
AES-128,128,BIN,1MB,1048576,1,7,0.6647,0.6485,1504.44,1542.02,98.3534,98.7555,62.3569,56.2087,1.00054,1.00048,35.832,PASS
AES-192,192,BIN,1MB,1048576,1,7,0.7673,0.6967,1303.27,1435.34,96.1959,96.7213,74.883,81.0953,1.00054,1.00048,35.832,PASS
AES-256,256,BIN,1MB,1048576,1,7,1.2951,0.9139,772.141,1094.21,98.4445,99.0622,62.3189,99.989,1.00054,1.00048,35.832,PASS
AES-192,192,BIN,1MB,1048576,1,8,0.6733,0.6871,1485.22,1455.39,98.1901,99.1607,74.8919,74.7881,1.00054,1.00048,35.832,PASS
AES-256,256,BIN,1MB,1048576,1,8,0.87,1.1364,1149.43,879.972,95.2876,93.9128,31.1939,43.7087,1.00054,1.00048,35.832,PASS
AES-128,128,BIN,1MB,1048576,1,8,0.9781,1.1943,1022.39,837.311,91.4915,90.5481,12.4679,31.1412,1.00054,1.00048,35.832,PASS
AES-256,256,BIN,1MB,1048576,1,9,0.9746,0.9039,1026.06,1106.32,89.8593,92.7712,12.4807,31.2365,1.00054,1.00048,35.832,PASS
AES-128,128,BIN,1MB,1048576,1,9,0.9222,0.8962,1084.36,1115.82,97.9141,92.6011,31.2182,24.954,1.00054,1.00048,35.832,PASS
AES-192,192,BIN,1MB,1048576,1,9,1.1888,0.9248,841.184,1081.31,95.0501,91.654,43.6854,24.868,1.00054,1.00048,35.832,PASS
AES-128,128,BIN,1MB,1048576,1,10,1.1934,0.9356,837.942,1068.83,88.8728,94.0438,18.6751,37.4439,1.00054,1.00048,35.832,PASS
AES-192,192,BIN,1MB,1048576,1,10,0.7676,1.1912,1302.76,839.49,95.2048,97.5669,37.4106,37.45,1.00054,1.00048,35.832,PASS
AES-256,256,BIN,1MB,1048576,1,10,0.8521,0.9803,1173.57,1020.1,92.2983,93.5069,31.1352,24.9572,1.00054,1.00048,35.832,PASS
AES-128,128,BIN,5MB,5242880,5,1,4.2563,4.6088,1174.73,1084.88,95.3404,97.6578,37.4079,68.0382,5.00054,5.00048,43.832,PASS
AES-192,192,BIN,5MB,5242880,5,1,4.1611,4.3635,1201.61,1145.87,93.0017,90.848,30.8399,31.0448,5.00054,5.00048,43.832,PASS
AES-256,256,BIN,5MB,5242880,5,1,5.4908,4.7873,910.614,1044.43,92.2612,92.1157,37.2902,24.9501,5.00054,5.00048,43.832,PASS
AES-192,192,BIN,5MB,5242880,5,2,4.0513,4.2133,1234.17,1186.72,96.8098,92.3202,49.8143,18.592,5.00054,5.00048,43.832,PASS
AES-256,256,BIN,5MB,5242880,5,2,4.9307,4.0897,1014.05,1222.58,95.556,94.4039,49.6072,37.1381,5.00054,5.00048,43.832,PASS
AES-128,128,BIN,5MB,5242880,5,2,4.0484,3.9938,1235.06,1251.94,97.2909,90.9412,61.8983,31.2168,5.00054,5.00048,43.832,PASS
AES-256,256,BIN,5MB,5242880,5,3,5.8141,4.8753,859.978,1025.58,90.5174,96.8146,37.0494,49.3479,5.00054,5.00048,43.832,PASS
AES-128,128,BIN,5MB,5242880,5,3,2.8311,3.0888,1766.1,1618.75,92.3083,95.6773,24.5135,24.8703,5.00054,5.00048,43.832,PASS
AES-192,192,BIN,5MB,5242880,5,3,3.1102,3.0559,1607.61,1636.18,95.3327,94.6959,61.4275,30.8945,5.00054,5.00048,43.832,PASS
AES-128,128,BIN,5MB,5242880,5,4,2.9216,2.8787,1711.39,1736.9,94.342,95.8751,67.6683,74.4929,5.00054,5.00048,43.832,PASS
AES-192,192,BIN,5MB,5242880,5,4,3.0666,3.1372,1630.47,1593.78,97.3394,97.5329,68.4906,74.987,5.00054,5.00048,43.832,PASS
AES-256,256,BIN,5MB,5242880,5,4,3.0385,3.1288,1645.55,1598.06,96.871,97.3006,55.4971,56.0166,5.00054,5.00048,43.832,PASS
AES-192,192,BIN,5MB,5242880,5,5,2.9443,3.0102,1698.2,1661.02,97.7302,96.1291,61.9888,74.896,5.00054,5.00048,43.832,PASS
AES-256,256,BIN,5MB,5242880,5,5,2.9372,3.1973,1702.3,1563.82,97.7179,97.4187,68.6975,62.2434,5.00054,5.00048,43.832,PASS
AES-128,128,BIN,5MB,5242880,5,5,3.1514,3.1236,1586.6,1600.72,97.7037,97.6593,67.8911,68.2011,5.00054,5.00048,43.832,PASS
AES-256,256,BIN,5MB,5242880,5,6,3.1083,3.245,1608.6,1540.83,98.3545,97.5282,49.598,80.9067,5.00054,5.00048,43.832,PASS
AES-128,128,BIN,5MB,5242880,5,6,2.3386,2.8306,2138.03,1766.41,97.7859,98.2294,74.9449,68.5232,5.00054,5.00048,43.832,PASS
AES-192,192,BIN,5MB,5242880,5,6,2.8714,2.917,1741.31,1714.09,97.0262,97.3612,43.297,68.5398,5.00054,5.00048,43.832,PASS
AES-128,128,BIN,5MB,5242880,5,7,2.886,2.8743,1732.5,1739.55,97.8154,97.5669,49.8904,74.6302,5.00054,5.00048,43.832,PASS
AES-192,192,BIN,5MB,5242880,5,7,3.0184,2.9348,1656.51,1703.69,97.8169,96.6133,62.3092,80.2727,5.00054,5.00048,43.832,PASS
AES-256,256,BIN,5MB,5242880,5,7,3.06,3.3873,1633.99,1476.1,98.4945,97.8174,56.1361,74.3293,5.00054,5.00048,43.832,PASS
AES-192,192,BIN,5MB,5242880,5,8,3.0068,3.0337,1662.9,1648.15,97.5212,98.2299,74.2981,86.4723,5.00054,5.00048,43.832,PASS
AES-256,256,BIN,5MB,5242880,5,8,3.0379,2.8819,1645.87,1734.97,96.89,97.0374,56.166,55.8089,5.00054,5.00048,43.832,PASS
AES-128,128,BIN,5MB,5242880,5,8,2.6239,2.5817,1905.56,1936.71,98.8845,97.8344,105.187,68.6227,5.00054,5.00048,43.7852,PASS
AES-256,256,BIN,5MB,5242880,5,9,3.2704,3.5111,1528.86,1424.06,96.8748,98.0198,49.2476,80.4227,5.00054,5.00048,43.7852,PASS
AES-128,128,BIN,5MB,5242880,5,9,3.1271,3.2599,1598.93,1533.79,98.7744,98.945,81.1338,74.5678,5.00054,5.00048,43.7852,PASS
AES-192,192,BIN,5MB,5242880,5,9,3.1491,3.0084,1587.76,1662.01,97.7715,98.9236,74.2999,80.3113,5.00054,5.00048,43.7852,PASS
AES-128,128,BIN,5MB,5242880,5,10,3.3914,3.4707,1474.32,1440.63,97.8587,98.6684,87.2011,93.5732,5.00054,5.00048,43.7852,PASS
AES-192,192,BIN,5MB,5242880,5,10,3.0405,3.0857,1644.47,1620.38,98.9725,99.1494,74.9492,74.3935,5.00054,5.00048,43.7852,PASS
AES-256,256,BIN,5MB,5242880,5,10,3.2786,3.1958,1525.04,1564.55,99.0167,97.6913,86.9717,86.3341,5.00054,5.00048,43.7852,PASS
AES-128,128,BIN,10MB,10485760,10,1,5.6423,5.7046,1772.33,1752.97,98.0856,99.3144,87.2281,99.1061,10.0005,10.0005,53.7852,PASS
AES-192,192,BIN,10MB,10485760,10,1,5.923,6.3938,1688.33,1564.02,97.9715,99.0459,80.3306,92.2123,10.0005,10.0005,53.7852,PASS
AES-256,256,BIN,10MB,10485760,10,1,6.0711,5.991,1647.15,1669.17,99.0866,99.1564,80.206,87.0934,10.0005,10.0005,53.7852,PASS
AES-192,192,BIN,10MB,10485760,10,2,5.9227,6.1154,1688.42,1635.22,97.5621,98.1888,86.8163,79.5314,10.0005,10.0005,53.7852,PASS
AES-256,256,BIN,10MB,10485760,10,2,6.14,6.9958,1628.66,1429.43,99.2253,96.9375,99.4223,97.8413,10.0005,10.0005,53.7852,PASS
AES-128,128,BIN,10MB,10485760,10,2,5.8328,6.9747,1714.44,1433.75,98.3085,97.0674,79.4839,61.6281,10.0005,10.0005,53.7852,PASS
AES-256,256,BIN,10MB,10485760,10,3,6.498,6.3231,1538.94,1581.5,98.6278,99.0223,86.4049,86.0741,10.0005,10.0005,53.7852,PASS
AES-128,128,BIN,10MB,10485760,10,3,5.7843,6.4711,1728.82,1545.33,96.4529,98.5721,67.3249,80.8574,10.0005,10.0005,53.7852,PASS
AES-192,192,BIN,10MB,10485760,10,3,5.8186,5.9069,1718.63,1692.94,98.1713,98.5514,67.7522,87.0065,10.0005,10.0005,53.7852,PASS
AES-128,128,BIN,10MB,10485760,10,4,6.0079,5.6579,1664.48,1767.44,98.5288,98.2403,55.6151,74.0177,10.0005,10.0005,53.7852,PASS
AES-192,192,BIN,10MB,10485760,10,4,6.3218,6.1425,1581.83,1628,97.5693,99.2654,91.7709,92.6111,10.0005,10.0005,53.7852,PASS
AES-256,256,BIN,10MB,10485760,10,4,6.1245,6.3055,1632.79,1585.92,99.1997,98.0192,92.7739,73.2905,10.0005,10.0005,53.7852,PASS
AES-192,192,BIN,10MB,10485760,10,5,6.0082,5.7067,1664.39,1752.33,97.9832,99.1757,80.7417,80.1389,10.0005,10.0005,53.7852,PASS
AES-256,256,BIN,10MB,10485760,10,5,5.8681,6.4759,1704.13,1544.19,98.2136,98.7322,84.9467,86.2676,10.0005,10.0005,53.7852,PASS
AES-128,128,BIN,10MB,10485760,10,5,5.4896,5.8104,1821.63,1721.05,98.9035,95.0206,80.794,68.314,10.0005,10.0005,53.7852,PASS
AES-256,256,BIN,10MB,10485760,10,6,6.0823,5.9607,1644.11,1677.66,94.1352,98.8653,49.3707,91.831,10.0005,10.0005,53.7852,PASS
AES-128,128,BIN,10MB,10485760,10,6,6.4947,5.8714,1539.72,1703.17,98.2356,97.8757,67.127,79.1867,10.0005,10.0005,53.7852,PASS
AES-192,192,BIN,10MB,10485760,10,6,6.2667,6.2607,1595.74,1597.27,91.5393,97.6425,37.2722,68.4862,10.0005,10.0005,53.7852,PASS
AES-128,128,BIN,10MB,10485760,10,7,5.7778,5.9081,1730.76,1692.59,98.6514,98.9473,86.399,93.2438,10.0005,10.0005,53.7852,PASS
AES-192,192,BIN,10MB,10485760,10,7,6.9569,6.3389,1437.42,1577.56,96.6578,97.9136,56.1871,61.4205,10.0005,10.0005,53.7852,PASS
AES-256,256,BIN,10MB,10485760,10,7,6.4654,6.2602,1546.69,1597.39,98.7849,98.434,98.8669,73.4327,10.0005,10.0005,53.7852,PASS
AES-192,192,BIN,10MB,10485760,10,8,6.1296,6.4265,1631.43,1556.06,98.2181,98.2203,55.6117,86.3592,10.0005,10.0005,53.7852,PASS
AES-256,256,BIN,10MB,10485760,10,8,7.3616,6.5807,1358.4,1519.6,98.105,98.0551,61.3424,80.5909,10.0005,10.0005,53.7852,PASS
AES-128,128,BIN,10MB,10485760,10,8,6.4871,7.393,1541.52,1352.63,95.4149,97.4239,30.6199,67.8195,10.0005,10.0005,53.7852,PASS
AES-256,256,BIN,10MB,10485760,10,9,6.0266,6.8602,1659.31,1457.68,89.7765,96.3094,12.1895,43.2083,10.0005,10.0005,53.7852,PASS
AES-128,128,BIN,10MB,10485760,10,9,5.7465,5.8064,1740.19,1722.24,95.5823,98.9674,37.4532,91.2649,10.0005,10.0005,53.7852,PASS
AES-192,192,BIN,10MB,10485760,10,9,6.3972,6.2869,1563.18,1590.61,96.9929,96.2162,61.2803,62.3461,10.0005,10.0005,53.7852,PASS
AES-128,128,BIN,10MB,10485760,10,10,7.1787,5.6949,1393.01,1755.96,95.1007,97.614,36.7137,62.4778,10.0005,10.0005,53.7852,PASS
AES-192,192,BIN,10MB,10485760,10,10,5.9134,5.9845,1691.07,1670.98,98.9522,97.8568,80.157,61.4561,10.0005,10.0005,53.7852,PASS
AES-256,256,BIN,10MB,10485760,10,10,5.721,6.1254,1747.95,1632.55,97.1956,97.7884,49.325,68.0001,10.0005,10.0005,53.7852,PASS
AES-128,128,BIN,50MB,52428800,50,1,28.4878,28.9372,1755.14,1727.88,95.5705,95.9021,67.5144,33.7601,50.0005,50.0005,133.785,PASS
AES-192,192,BIN,50MB,52428800,50,1,29.1543,33.1353,1715.01,1508.96,98.4606,95.4333,81.6437,38.9667,50.0005,50.0005,133.785,PASS
AES-256,256,BIN,50MB,52428800,50,1,29.636,36.7205,1687.14,1361.64,96.0058,97.2142,46.4697,74.4597,50.0005,50.0005,133.785,PASS
AES-192,192,BIN,50MB,52428800,50,2,30.4755,30.3303,1640.66,1648.52,96.8116,95.0336,70.6871,67.0395,50.0005,50.0005,133.785,PASS
AES-256,256,BIN,50MB,52428800,50,2,29.9759,32.9749,1668.01,1516.3,96.5078,98.0222,80.1345,65.8911,50.0005,50.0005,133.785,PASS
AES-128,128,BIN,50MB,52428800,50,2,29.4523,30.9823,1697.66,1613.82,94.8058,95.9745,55.8717,37.0162,50.0005,50.0005,133.785,PASS
AES-256,256,BIN,50MB,52428800,50,3,30.4521,36.6475,1641.92,1364.35,95.0326,96.4301,66.2617,51.3512,50.0005,50.0005,133.785,PASS
AES-128,128,BIN,50MB,52428800,50,3,27.6159,30.8474,1810.55,1620.88,97.8824,97.2946,63.7863,79.9824,50.0005,50.0005,133.785,PASS
AES-192,192,BIN,50MB,52428800,50,3,29.5992,33.3706,1689.23,1498.32,97.8064,91.0457,34.2319,48.2901,50.0005,50.0005,133.785,PASS
AES-128,128,BIN,50MB,52428800,50,4,28.6292,31.3658,1746.47,1594.09,96.3368,96.443,70.4598,59.364,50.0005,50.0005,133.785,PASS
AES-192,192,BIN,50MB,52428800,50,4,27.8137,28.4639,1797.68,1756.61,97.5662,96.665,68.5342,61.9819,50.0005,50.0005,133.785,PASS
AES-256,256,BIN,50MB,52428800,50,4,28.3285,30.2983,1765.01,1650.26,96.3015,96.861,44.5394,68.4982,50.0005,50.0005,133.785,PASS
AES-192,192,BIN,50MB,52428800,50,5,32.7287,34.7328,1527.71,1439.56,98.6934,99.0312,64.5606,93.3428,50.0005,50.0005,133.785,PASS
AES-256,256,BIN,50MB,52428800,50,5,30.748,31.1954,1626.12,1602.8,98.5176,99.3368,44.5557,79.1571,50.0005,50.0005,133.785,PASS
AES-128,128,BIN,50MB,52428800,50,5,28.6325,28.269,1746.27,1768.72,98.6522,98.2303,83.0217,93.2981,50.0005,50.0005,133.785,PASS
AES-256,256,BIN,50MB,52428800,50,6,30.5286,31.2013,1637.81,1602.5,99.4329,99.1731,93.5936,80.0844,50.0005,50.0005,133.785,PASS
AES-128,128,BIN,50MB,52428800,50,6,27.9384,28.293,1789.65,1767.22,98.0608,98.6857,77.3084,59.9638,50.0005,50.0005,133.785,PASS
AES-192,192,BIN,50MB,52428800,50,6,31.0196,29.9943,1611.88,1666.98,97.2526,97.6522,66.9045,62.6488,50.0005,50.0005,133.785,PASS
AES-128,128,BIN,50MB,52428800,50,7,28.0608,30.5142,1781.85,1638.58,98.4495,96.2859,88.9114,52.5541,50.0005,50.0005,133.785,PASS
AES-192,192,BIN,50MB,52428800,50,7,28.8614,29.5463,1732.42,1692.26,97.4489,98.2591,56.5307,80.003,50.0005,50.0005,133.785,PASS
AES-256,256,BIN,50MB,52428800,50,7,30.2321,30.2829,1653.87,1651.1,97.1844,98.0737,55.6279,80.4505,50.0005,50.0005,133.785,PASS
AES-192,192,BIN,50MB,52428800,50,8,29.7914,31.2117,1678.34,1601.96,97.8083,98.9355,72.9544,81.202,50.0005,50.0005,133.785,PASS
AES-256,256,BIN,50MB,52428800,50,8,32.0929,33.3437,1557.98,1499.53,96.2961,97.3268,61.7009,74.326,50.0005,50.0005,133.785,PASS
AES-128,128,BIN,50MB,52428800,50,8,29.0558,31.065,1720.83,1609.53,98.6231,98.5355,69.7202,86.182,50.0005,50.0005,133.785,PASS
AES-256,256,BIN,50MB,52428800,50,9,31.7286,30.3361,1575.87,1648.2,97.1595,98.0573,56.6959,79.1745,50.0005,50.0005,133.785,PASS
AES-128,128,BIN,50MB,52428800,50,9,30.9175,33.73,1617.21,1482.36,96.8045,97.4062,45.6576,79.8849,50.0005,50.0005,133.785,PASS
AES-192,192,BIN,50MB,52428800,50,9,30.6195,32.1291,1632.95,1556.22,97.1826,96.9277,84.1544,60.4579,50.0005,50.0005,133.785,PASS
AES-128,128,BIN,50MB,52428800,50,10,29.6007,31.7417,1689.15,1575.21,96.8243,97.3318,64.5293,67.6637,50.0005,50.0005,133.785,PASS
AES-192,192,BIN,50MB,52428800,50,10,30.5683,32.7287,1635.68,1527.71,96.3236,95.8906,43.396,72.9775,50.0005,50.0005,133.785,PASS
AES-256,256,BIN,50MB,52428800,50,10,31.4851,36.4539,1588.05,1371.6,97.4432,98.2199,61.9402,66.2192,50.0005,50.0005,133.785,PASS
AES-128,128,TXT,1KB,1024,0.000976562,1,0.0467,0.0282,20.9114,34.6299,94.7772,96.1503,18.7498,62.4982,0.00151634,0.00145817,35.5742,PASS
AES-192,192,TXT,1KB,1024,0.000976562,1,0.0583,0.0403,16.7506,24.2323,88.1919,94.2317,49.9989,37.4994,0.00151634,0.00145817,35.5742,PASS
AES-256,256,TXT,1KB,1024,0.000976562,1,0.0385001,0.0228001,25.3652,42.8316,95.7015,94.2933,56.248,37.4991,0.00151634,0.00145817,35.5742,PASS
AES-192,192,TXT,1KB,1024,0.000976562,2,0.0464,0.0294,21.0466,33.2164,97.4569,91.8945,31.2489,24.9994,0.00151634,0.00145817,35.5742,PASS
AES-256,256,TXT,1KB,1024,0.000976562,2,0.0518,0.0282,18.8525,34.6299,94.5617,95.5958,43.7489,56.2496,0.00151634,0.00145817,35.5742,PASS
AES-128,128,TXT,1KB,1024,0.000976562,2,0.0471999,0.0431,20.6899,22.6581,97.1159,98.2059,62.4932,87.4992,0.00151634,0.00145817,35.5742,PASS
AES-256,256,TXT,1KB,1024,0.000976562,3,0.0553001,0.0493,17.6593,19.8086,96.8025,96.2638,49.9996,62.4999,0.00151634,0.00145817,35.5742,PASS
AES-128,128,TXT,1KB,1024,0.000976562,3,0.0502,0.029,19.4534,33.6746,96.3421,94.8745,68.7488,43.7491,0.00151634,0.00145817,35.5742,PASS
AES-192,192,TXT,1KB,1024,0.000976562,3,0.0544001,0.0531001,17.9515,18.391,93.466,90.6718,62.4999,24.9995,0.00151634,0.00145817,35.5742,PASS
AES-128,128,TXT,1KB,1024,0.000976562,4,0.0575001,0.0335,16.9837,29.1511,94.1796,95.2616,37.4991,12.4999,0.00151634,0.00145817,35.5742,PASS
AES-192,192,TXT,1KB,1024,0.000976562,4,0.0512999,0.0293,19.0363,33.3298,95.8201,96.3031,18.7499,93.7484,0.00151634,0.00145817,35.5742,PASS
AES-256,256,TXT,1KB,1024,0.000976562,4,0.0584,0.0317,16.722,30.8064,94.2156,94.5714,43.7486,31.2493,0.00151634,0.00145817,35.5742,PASS
AES-192,192,TXT,1KB,1024,0.000976562,5,0.0514,0.0291,18.9993,33.5589,92.2746,97.4363,43.5009,37.4995,0.00151634,0.00145817,35.5742,PASS
AES-256,256,TXT,1KB,1024,0.000976562,5,0.0477,0.0458,20.473,21.3223,87.5637,96.5174,49.9993,49.9995,0.00151634,0.00145817,35.5742,PASS
AES-128,128,TXT,1KB,1024,0.000976562,5,0.0499,0.0289,19.5704,33.7911,97.5999,98.2927,81.2482,81.2498,0.00151634,0.00145817,35.5742,PASS
AES-256,256,TXT,1KB,1024,0.000976562,6,0.0465,0.0287,21.0013,34.0266,97.6887,89.9397,68.7491,31.2492,0.00151634,0.00145817,35.5742,PASS
AES-128,128,TXT,1KB,1024,0.000976562,6,0.0425,0.0351,22.978,27.8223,95.4723,96.2312,12.4998,37.4991,0.00151634,0.00145817,35.5742,PASS
AES-192,192,TXT,1KB,1024,0.000976562,6,0.0407,0.033,23.9942,29.5928,94.7303,97.8611,37.4996,56.2488,0.00151634,0.00145817,35.5742,PASS
AES-128,128,TXT,1KB,1024,0.000976562,7,0.0467,0.0361,20.9114,27.0516,90.5403,96.822,43.7488,37.4998,0.00151634,0.00145817,35.5742,PASS
AES-192,192,TXT,1KB,1024,0.000976562,7,0.0407,0.0301001,23.9942,32.4438,97.4796,96.6421,31.2491,31.2496,0.00151634,0.00145817,35.5742,PASS
AES-256,256,TXT,1KB,1024,0.000976562,7,0.0433,0.0281,22.5534,34.7531,98.0144,89.3703,62.4991,18.7494,0.00151634,0.00145817,35.5742,PASS
AES-192,192,TXT,1KB,1024,0.000976562,8,0.0402,0.0323,24.2926,30.2341,94.4111,95.9162,31.25,43.7489,0.00151634,0.00145817,35.5742,PASS
AES-256,256,TXT,1KB,1024,0.000976562,8,0.0414,0.0323999,23.5885,30.1409,95.9012,94.3974,37.4937,68.7485,0.00151634,0.00145817,35.5742,PASS
AES-128,128,TXT,1KB,1024,0.000976562,8,0.0565,0.0378999,17.2843,25.7669,90.25,95.4627,31.2496,24.9995,0.00151634,0.00145817,35.5742,PASS
AES-256,256,TXT,1KB,1024,0.000976562,9,0.0446,0.0267,21.896,36.5754,96.8238,97.2246,49.9996,56.2497,0.00151634,0.00145817,35.5742,PASS
AES-128,128,TXT,1KB,1024,0.000976562,9,0.0516999,0.0358999,18.889,27.2024,96.9,97.7022,81.2486,68.7485,0.00151634,0.00145817,35.5742,PASS
AES-192,192,TXT,1KB,1024,0.000976562,9,0.0486,0.0294,20.0939,33.2164,96.755,97.0813,68.7466,43.6186,0.00151634,0.00145817,35.5742,PASS
AES-128,128,TXT,1KB,1024,0.000976562,10,0.0423,0.0281,23.0866,34.7531,97.5171,90.758,37.4987,43.7489,0.00151634,0.00145817,35.5742,PASS
AES-192,192,TXT,1KB,1024,0.000976562,10,0.0489,0.0302,19.9706,32.3365,97.5567,96.0269,43.7482,49.9984,0.00151634,0.00145817,35.5742,PASS
AES-256,256,TXT,1KB,1024,0.000976562,10,0.0488,0.0426,20.0115,22.924,96.6753,95.5287,56.2495,62.4993,0.00151634,0.00145817,35.5742,PASS
AES-128,128,TXT,100KB,102400,0.0976562,1,0.0975999,0.0896,1000.58,1089.91,94.2794,94.6008,37.4969,24.9958,0.098196,0.0981379,34.4258,PASS
AES-192,192,TXT,100KB,102400,0.0976562,1,0.0749,0.1503,1303.82,649.742,94.0669,96.6315,37.4996,49.9962,0.098196,0.0981379,34.4258,PASS
AES-256,256,TXT,100KB,102400,0.0976562,1,0.0759,0.1322,1286.64,738.701,99.4658,96.5266,87.498,74.9928,0.098196,0.0981379,34.4258,PASS
AES-192,192,TXT,100KB,102400,0.0976562,2,0.0939,0.1435,1040,680.531,96.7349,98.03,62.4923,74.9976,0.098196,0.0981379,34.4258,PASS
AES-256,256,TXT,100KB,102400,0.0976562,2,0.0929,0.137,1051.2,712.819,96.5382,98.581,56.2423,62.4954,0.098196,0.0981379,34.4258,PASS
AES-128,128,TXT,100KB,102400,0.0976562,2,0.0956,0.1359,1021.51,718.589,93.5858,98.3763,56.2428,62.4949,0.098196,0.0981379,34.4258,PASS
AES-256,256,TXT,100KB,102400,0.0976562,3,0.0894,0.1352,1092.35,722.31,97.1691,95.3474,68.7369,49.9985,0.098196,0.0981379,34.418,PASS
AES-128,128,TXT,100KB,102400,0.0976562,3,0.0947,0.1347,1031.22,724.991,98.3203,93.7583,74.9961,49.9953,0.098196,0.0981379,34.418,PASS
AES-192,192,TXT,100KB,102400,0.0976562,3,0.0929,0.1385,1051.2,705.099,96.4998,96.1161,68.7377,56.2471,0.098196,0.0981379,34.418,PASS
AES-128,128,TXT,100KB,102400,0.0976562,4,0.087,0.1523,1122.49,641.21,96.573,98.6279,56.2451,68.7459,0.098196,0.0981379,34.418,PASS
AES-192,192,TXT,100KB,102400,0.0976562,4,0.0971999,0.1539,1004.69,634.544,95.3296,96.8347,68.7493,49.993,0.098196,0.0981379,34.418,PASS
AES-256,256,TXT,100KB,102400,0.0976562,4,0.125,0.1421,781.25,687.236,96.868,97.7262,68.7441,62.4979,0.098196,0.0981379,34.418,PASS
AES-192,192,TXT,100KB,102400,0.0976562,5,0.0852001,0.1351,1146.2,722.844,93.8775,91.6514,62.4959,62.4895,0.098196,0.0981379,34.418,PASS
AES-256,256,TXT,100KB,102400,0.0976562,5,0.0873,0.1395,1118.63,700.045,96.0366,95.9908,24.9801,24.9983,0.098196,0.0981379,34.418,PASS
AES-128,128,TXT,100KB,102400,0.0976562,5,0.0935999,0.1337,1043.34,730.413,97.2642,93.7451,49.9958,31.2484,0.098196,0.0981379,34.418,PASS
AES-256,256,TXT,100KB,102400,0.0976562,6,0.0885001,0.1345,1103.46,726.069,95.5423,94.6186,18.7492,18.7468,0.098196,0.0981379,34.0156,PASS
AES-128,128,TXT,100KB,102400,0.0976562,6,0.0797,0.0706001,1225.3,1383.23,94.8624,94.6248,56.2433,43.7485,0.098196,0.0981379,34.418,PASS
AES-192,192,TXT,100KB,102400,0.0976562,6,0.1068,0.1742,914.384,560.599,85.9004,93.6282,12.4983,31.2487,0.098196,0.0981379,34.0156,PASS
AES-128,128,TXT,100KB,102400,0.0976562,7,0.115,0.2243,849.184,435.382,92.8396,94.5169,31.2492,18.7471,0.098196,0.0981379,34.0156,PASS
AES-192,192,TXT,100KB,102400,0.0976562,7,0.0987001,0.0691001,989.424,1413.26,96.6247,88.464,43.7484,43.7463,0.098196,0.0981379,34.418,PASS
AES-256,256,TXT,100KB,102400,0.0976562,7,0.2627,0.1434,371.741,681.006,93.8936,95.6548,43.7418,43.747,0.098196,0.0981379,34.0156,PASS
AES-192,192,TXT,100KB,102400,0.0976562,8,0.0959999,0.0791,1017.25,1234.59,96.2706,96.3377,43.7458,24.9975,0.098196,0.0981379,34.418,PASS
AES-256,256,TXT,100KB,102400,0.0976562,8,0.0892,0.185,1094.8,527.872,91.6738,95.6855,31.2448,43.7445,0.098196,0.0981379,34.0156,PASS
AES-128,128,TXT,100KB,102400,0.0976562,8,0.0873,0.0675999,1118.63,1444.62,96.4097,96.3756,43.7428,37.498,0.098196,0.0981379,34.418,PASS
AES-256,256,TXT,100KB,102400,0.0976562,9,0.1017,0.1329,960.239,734.81,94.3843,94.6491,49.9957,49.9999,0.098196,0.0981379,34.0156,PASS
AES-128,128,TXT,100KB,102400,0.0976562,9,0.0916,0.0670999,1066.12,1455.39,95.3229,94.7875,18.746,18.7489,0.098196,0.0981379,34.418,PASS
AES-192,192,TXT,100KB,102400,0.0976562,9,0.0791,0.1403,1234.59,696.053,97.0153,91.6756,49.9962,56.2476,0.098196,0.0981379,34.418,PASS
AES-128,128,TXT,100KB,102400,0.0976562,10,0.0875,0.1405,1116.07,695.063,92.2367,96.54,6.24987,56.2383,0.098196,0.0981379,34.418,PASS
AES-192,192,TXT,100KB,102400,0.0976562,10,0.097,0.1271,1006.77,768.342,94.8144,97.0542,24.9985,12.4998,0.098196,0.0981379,34.3867,PASS
AES-256,256,TXT,100KB,102400,0.0976562,10,0.1688,0.1446,578.532,675.354,93.3541,90.5113,49.9328,24.9963,0.098196,0.0981379,33.9727,PASS
AES-128,128,TXT,1MB,1048576,1,1,0.8547,0.8824,1170,1133.27,97.8797,98.8065,87.4317,93.5155,1.00054,1.00048,35.9805,PASS
AES-192,192,TXT,1MB,1048576,1,1,0.709,0.6971,1410.44,1434.51,99.1404,96.0312,93.6714,74.8005,1.00054,1.00048,35.9805,PASS
AES-256,256,TXT,1MB,1048576,1,1,0.7301,0.7151,1369.68,1398.41,99.3104,94.737,99.7015,56.1762,1.00054,1.00048,35.9805,PASS
AES-192,192,TXT,1MB,1048576,1,2,0.6835,0.7911,1463.06,1264.06,97.9029,98.5206,87.4284,87.2844,1.00054,1.00048,35.9805,PASS
AES-256,256,TXT,1MB,1048576,1,2,0.6916,0.7321,1445.92,1365.93,98.6086,99.0579,87.3207,93.4063,1.00054,1.00048,35.9805,PASS
AES-128,128,TXT,1MB,1048576,1,2,0.689,0.6625,1451.38,1509.43,99.0444,97.7568,87.4335,68.7418,1.00054,1.00048,35.9805,PASS
AES-256,256,TXT,1MB,1048576,1,3,0.7278,0.7159,1374,1396.84,98.1558,98.6215,87.4074,93.658,1.00054,1.00048,35.9805,PASS
AES-128,128,TXT,1MB,1048576,1,3,0.6604,0.6331,1514.23,1579.53,98.4385,97.7865,81.2228,74.9102,1.00054,1.00048,35.9805,PASS
AES-192,192,TXT,1MB,1048576,1,3,0.7238,1.0576,1381.6,945.537,98.4807,98.4733,81.2294,87.3776,1.00054,1.00048,35.9805,PASS
AES-128,128,TXT,1MB,1048576,1,4,0.7029,0.6469,1422.68,1545.83,96.7117,97.773,43.7359,68.7041,1.00054,1.00048,35.9805,PASS
AES-192,192,TXT,1MB,1048576,1,4,0.7284,0.6865,1372.87,1456.66,99.066,97.415,93.6694,93.6645,1.00054,1.00048,35.9805,PASS
AES-256,256,TXT,1MB,1048576,1,4,0.6881,0.6778,1453.28,1475.36,98.114,98.3326,62.3966,74.7156,1.00054,1.00048,35.9805,PASS
AES-192,192,TXT,1MB,1048576,1,5,0.9,0.8709,1111.11,1148.24,97.8274,97.2703,74.9214,74.8822,1.00054,1.00048,35.9805,PASS
AES-256,256,TXT,1MB,1048576,1,5,0.7816,0.7491,1279.43,1334.94,98.9886,98.7081,93.7329,93.5867,1.00054,1.00048,35.9805,PASS
AES-128,128,TXT,1MB,1048576,1,5,0.6992,0.7166,1430.21,1395.48,97.0463,99.0025,81.0028,87.4749,1.00054,1.00048,35.9805,PASS
AES-256,256,TXT,1MB,1048576,1,6,0.7121,0.8205,1404.3,1218.77,97.9449,98.0229,81.0939,87.4894,1.00054,1.00048,35.9805,PASS
AES-128,128,TXT,1MB,1048576,1,6,0.6588,0.7291,1517.91,1371.55,97.0559,96.4733,74.8714,81.0085,1.00054,1.00048,35.9805,PASS
AES-192,192,TXT,1MB,1048576,1,6,0.7149,0.7015,1398.8,1425.52,97.3553,98.5695,81.1868,87.3968,1.00054,1.00048,35.9805,PASS
AES-128,128,TXT,1MB,1048576,1,7,0.7048,0.674,1418.84,1483.68,97.2208,95.6389,99.7863,74.9065,1.00054,1.00048,35.9805,PASS
AES-192,192,TXT,1MB,1048576,1,7,3.4935,0.7095,286.246,1409.44,97.0872,98.752,56.1267,99.9432,1.00054,1.00048,35.9805,PASS
AES-256,256,TXT,1MB,1048576,1,7,0.6959,0.7035,1436.99,1421.46,97.9308,99.0986,81.0552,93.5371,1.00054,1.00048,35.9805,PASS
AES-192,192,TXT,1MB,1048576,1,8,0.8464,0.7481,1181.47,1336.72,98.2821,99.2209,87.3567,93.7449,1.00054,1.00048,35.9805,PASS
AES-256,256,TXT,1MB,1048576,1,8,0.6982,0.6888,1432.25,1451.8,98.4794,97.5505,93.5361,56.0968,1.00054,1.00048,35.9805,PASS
AES-128,128,TXT,1MB,1048576,1,8,0.6597,0.6743,1515.84,1483.02,98.0072,95.6481,68.6401,68.5889,1.00054,1.00048,35.9805,PASS
AES-256,256,TXT,1MB,1048576,1,9,0.7123,0.6914,1403.9,1446.34,96.3604,97.3569,62.4141,62.4137,1.00054,1.00048,35.9805,PASS
AES-128,128,TXT,1MB,1048576,1,9,0.7384,0.8494,1354.28,1177.3,98.4755,98.3575,74.9597,74.945,1.00054,1.00048,35.9805,PASS
AES-192,192,TXT,1MB,1048576,1,9,0.6423,0.7212,1556.9,1386.58,98.2779,97.4964,87.3372,81.0203,1.00054,1.00048,35.9805,PASS
AES-128,128,TXT,1MB,1048576,1,10,0.6606,0.6844,1513.78,1461.13,97.9354,95.7114,81.1705,80.8448,1.00054,1.00048,35.9805,PASS
AES-192,192,TXT,1MB,1048576,1,10,0.7046,0.7152,1419.24,1398.21,97.3409,97.7761,74.8758,74.8432,1.00054,1.00048,35.9805,PASS
AES-256,256,TXT,1MB,1048576,1,10,0.689,0.705,1451.38,1418.44,97.4082,95.7852,56.1035,62.4887,1.00054,1.00048,35.9805,PASS
AES-128,128,TXT,5MB,5242880,5,1,2.8873,2.9421,1731.72,1699.47,98.1575,98.7161,74.4343,93.0192,5.00054,5.00048,43.9805,PASS
AES-192,192,TXT,5MB,5242880,5,1,2.984,3.0576,1675.6,1635.27,99.0852,97.0613,92.8459,74.2618,5.00054,5.00048,43.9805,PASS
AES-256,256,TXT,5MB,5242880,5,1,3.1169,3.3744,1604.16,1481.74,97.4494,98.8452,87.4896,86.9949,5.00054,5.00048,43.9805,PASS
AES-192,192,TXT,5MB,5242880,5,2,3.0425,3.0162,1643.39,1657.71,97.1153,99.3631,61.6055,93.4684,5.00054,5.00048,43.9805,PASS
AES-256,256,TXT,5MB,5242880,5,2,3.0925,3.1399,1616.81,1592.41,97.0632,97.0022,74.4545,86.5286,5.00054,5.00048,43.9805,PASS
AES-128,128,TXT,5MB,5242880,5,2,3.0033,3.0112,1664.84,1660.47,95.2577,98.5291,61.8175,49.565,5.00054,5.00048,43.9805,PASS
AES-256,256,TXT,5MB,5242880,5,3,3.0485,3.084,1640.15,1621.27,97.4118,98.9624,92.6647,93.3245,5.00054,5.00048,43.9805,PASS
AES-128,128,TXT,5MB,5242880,5,3,2.8305,2.8728,1766.47,1740.46,98.4711,97.992,93.1611,93.746,5.00054,5.00048,43.9805,PASS
AES-192,192,TXT,5MB,5242880,5,3,3.0203,3.1162,1655.46,1604.52,97.105,97.9144,67.9099,80.6593,5.00054,5.00048,43.9805,PASS
AES-128,128,TXT,5MB,5242880,5,4,2.7669,2.8643,1807.08,1745.63,96.6542,96.4029,67.834,67.8846,5.00054,5.00048,43.9805,PASS
AES-192,192,TXT,5MB,5242880,5,4,3.0905,3.1277,1617.86,1598.62,95.615,98.4532,86.7115,99.6363,5.00054,5.00048,43.9805,PASS
AES-256,256,TXT,5MB,5242880,5,4,3.0775,3.0929,1624.7,1616.61,98.2948,97.382,80.6245,92.608,5.00054,5.00048,43.9805,PASS
AES-192,192,TXT,5MB,5242880,5,5,3.0094,2.9718,1661.46,1682.48,97.0059,98.7495,81.1528,81.0292,5.00054,5.00048,43.9805,PASS
AES-256,256,TXT,5MB,5242880,5,5,3.1639,3.1085,1580.33,1608.49,98.934,98.681,86.5861,80.3703,5.00054,5.00048,43.9805,PASS
AES-128,128,TXT,5MB,5242880,5,5,2.9101,2.9369,1718.15,1702.48,97.5124,98.2751,87.3375,74.4448,5.00054,5.00048,43.9805,PASS
AES-256,256,TXT,5MB,5242880,5,6,3.0539,3.1277,1637.25,1598.62,97.8137,99.2702,74.3971,106.213,5.00054,5.00048,43.9805,PASS
AES-128,128,TXT,5MB,5242880,5,6,3.4137,3.3781,1464.69,1480.12,98.0955,98.8351,68.0968,93.5595,5.00054,5.00048,43.9805,PASS
AES-192,192,TXT,5MB,5242880,5,6,3.1166,3.1305,1604.31,1597.19,98.5111,98.4252,86.9374,67.9992,5.00054,5.00048,43.9805,PASS
AES-128,128,TXT,5MB,5242880,5,7,2.8392,2.9712,1761.06,1682.82,99.3106,98.4203,99.9784,86.5186,5.00054,5.00048,43.9805,PASS
AES-192,192,TXT,5MB,5242880,5,7,4.2396,4.0083,1179.36,1247.41,98.6014,96.8942,93.5555,74.9781,5.00054,5.00048,43.9805,PASS
AES-256,256,TXT,5MB,5242880,5,7,3.0647,3.1926,1631.48,1566.12,98.5921,98.0858,92.4815,80.6408,5.00054,5.00048,43.9805,PASS
AES-192,192,TXT,5MB,5242880,5,8,2.9827,2.9846,1676.33,1675.27,97.7516,97.1255,67.914,67.8147,5.00054,5.00048,43.9805,PASS
AES-256,256,TXT,5MB,5242880,5,8,3.8599,3.561,1295.37,1404.1,97.0935,99.0528,80.2326,93.5838,5.00054,5.00048,43.9805,PASS
AES-128,128,TXT,5MB,5242880,5,8,2.85,2.8286,1754.39,1767.66,98.9393,98.9686,92.65,98.8897,5.00054,5.00048,43.9805,PASS
AES-256,256,TXT,5MB,5242880,5,9,3.0836,4.0538,1621.48,1233.41,98.8096,98.0573,80.1609,74.0593,5.00054,5.00048,43.9805,PASS
AES-128,128,TXT,5MB,5242880,5,9,3.0855,2.9291,1620.48,1707.01,97.5478,98.6776,62.369,80.8484,5.00054,5.00048,43.9805,PASS
AES-192,192,TXT,5MB,5242880,5,9,2.8768,3.1959,1738.04,1564.5,98.2751,98.9195,81.0289,86.9073,5.00054,5.00048,43.9805,PASS
AES-128,128,TXT,5MB,5242880,5,10,2.9435,3.0046,1698.66,1664.12,98.8221,97.83,93.528,56.1117,5.00054,5.00048,43.9805,PASS
AES-192,192,TXT,5MB,5242880,5,10,2.9894,3.06,1672.58,1633.99,98.0616,98.6227,93.3711,80.9059,5.00054,5.00048,43.9805,PASS
AES-256,256,TXT,5MB,5242880,5,10,3.1239,3.2334,1600.56,1546.36,97.6935,98.6549,80.5949,86.9503,5.00054,5.00048,43.9805,PASS
AES-128,128,TXT,10MB,10485760,10,1,5.9385,5.7348,1683.93,1743.74,98.2782,97.2136,92.2844,93.1736,10.0005,10.0005,53.9805,PASS
AES-192,192,TXT,10MB,10485760,10,1,6.1574,6.3281,1624.06,1580.25,99.1242,98.9451,79.649,86.7597,10.0005,10.0005,53.9805,PASS
AES-256,256,TXT,10MB,10485760,10,1,6.0572,7.486,1650.93,1335.83,98.1416,98.1712,92.3033,73.8486,10.0005,10.0005,53.9805,PASS
AES-192,192,TXT,10MB,10485760,10,2,6.2223,6.1198,1607.12,1634.04,98.6077,98.7551,73.9281,86.4878,10.0005,10.0005,53.9805,PASS
AES-256,256,TXT,10MB,10485760,10,2,6.219,6.3109,1607.98,1584.56,97.7797,98.953,60.871,86.6219,10.0005,10.0005,53.9805,PASS
AES-128,128,TXT,10MB,10485760,10,2,5.6233,5.6206,1778.32,1779.17,99.1359,97.3486,92.9813,74.3553,10.0005,10.0005,53.9805,PASS
AES-256,256,TXT,10MB,10485760,10,3,6.3002,7.5822,1587.25,1318.88,96.7323,95.0978,73.1384,36.7772,10.0005,10.0005,53.9805,PASS
AES-128,128,TXT,10MB,10485760,10,3,5.5354,5.8422,1806.55,1711.68,96.0809,97.3059,61.0958,87.4027,10.0005,10.0005,53.9805,PASS
AES-192,192,TXT,10MB,10485760,10,3,6.2217,6.2518,1607.28,1599.54,97.4431,99.0975,99.0345,80.8275,10.0005,10.0005,53.9805,PASS
AES-128,128,TXT,10MB,10485760,10,4,5.5819,5.8184,1791.5,1718.69,97.0934,99.0516,80.8505,87.2344,10.0005,10.0005,53.9805,PASS
AES-192,192,TXT,10MB,10485760,10,4,6.0204,5.9645,1661.02,1676.59,98.7894,97.0168,86.7181,86.3598,10.0005,10.0005,53.9805,PASS
AES-256,256,TXT,10MB,10485760,10,4,6.8304,6.8633,1464.04,1457.03,96.5441,98.9099,48.8079,85.7593,10.0005,10.0005,53.9805,PASS
AES-192,192,TXT,10MB,10485760,10,5,6.0852,5.9025,1643.33,1694.2,97.6485,97.6511,74.4024,62.2429,10.0005,10.0005,53.9805,PASS
AES-256,256,TXT,10MB,10485760,10,5,6.5109,6.0638,1535.89,1649.13,97.2971,98.2281,73.7181,85.3709,10.0005,10.0005,53.9805,PASS
AES-128,128,TXT,10MB,10485760,10,5,6.6484,6.007,1504.12,1664.72,97.6421,98.4043,78.7547,67.1601,10.0005,10.0005,53.9805,PASS
AES-256,256,TXT,10MB,10485760,10,6,5.9435,5.9642,1682.51,1676.67,95.0237,97.8503,73.0919,54.6505,10.0005,10.0005,53.9805,PASS
AES-128,128,TXT,10MB,10485760,10,6,5.5858,5.6439,1790.25,1771.82,96.7316,98.3107,61.3112,85.5947,10.0005,10.0005,53.9805,PASS
AES-192,192,TXT,10MB,10485760,10,6,5.9168,6.1653,1690.1,1621.98,97.8198,96.8135,74.8408,62.3017,10.0005,10.0005,53.9805,PASS
AES-128,128,TXT,10MB,10485760,10,7,6.8931,5.6755,1450.73,1761.96,98.2635,98.233,79.6472,80.8961,10.0005,10.0005,53.9805,PASS
AES-192,192,TXT,10MB,10485760,10,7,6.2257,6.6068,1606.25,1513.59,98.1806,96.0848,74.0573,79.5677,10.0005,10.0005,53.9805,PASS
AES-256,256,TXT,10MB,10485760,10,7,6.0385,6.0543,1656.04,1651.72,98.477,99.0992,80.2816,99.473,10.0005,10.0005,53.9805,PASS
AES-192,192,TXT,10MB,10485760,10,8,5.8277,6.3636,1715.94,1571.44,98.4519,97.5496,87.2426,74.2535,10.0005,10.0005,53.9805,PASS
AES-256,256,TXT,10MB,10485760,10,8,6.2289,6.4266,1605.42,1556.03,97.5222,98.3238,73.8763,73.8645,10.0005,10.0005,53.9805,PASS
AES-128,128,TXT,10MB,10485760,10,8,5.6178,5.7986,1780.06,1724.55,98.2474,95.6957,73.4617,67.1453,10.0005,10.0005,53.9805,PASS
AES-256,256,TXT,10MB,10485760,10,9,6.2476,6.4177,1600.61,1558.19,98.4959,98.4909,73.6835,80.21,10.0005,10.0005,53.9805,PASS
AES-128,128,TXT,10MB,10485760,10,9,5.3081,5.4704,1883.91,1828.02,98.7873,98.3922,68.1337,73.1496,10.0005,10.0005,53.9805,PASS
AES-192,192,TXT,10MB,10485760,10,9,6.4726,6.4664,1544.97,1546.46,96.0323,98.763,62.3417,80.7971,10.0005,10.0005,53.9805,PASS
AES-128,128,TXT,10MB,10485760,10,10,5.8135,5.5845,1720.13,1790.67,97.6019,98.3953,55.2529,80.1884,10.0005,10.0005,53.9805,PASS
AES-192,192,TXT,10MB,10485760,10,10,5.7788,5.9084,1730.46,1692.51,98.7841,97.6661,98.1752,91.3239,10.0005,10.0005,53.9805,PASS
AES-256,256,TXT,10MB,10485760,10,10,6.1776,6.045,1618.75,1654.26,97.8548,97.5197,91.6488,79.1476,10.0005,10.0005,53.9805,PASS
AES-128,128,TXT,50MB,52428800,50,1,29.2768,29.8659,1707.84,1674.15,96.9696,98.0322,67.3598,69.3534,50.0005,50.0005,133.98,PASS
AES-192,192,TXT,50MB,52428800,50,1,30.3989,32.951,1644.8,1517.4,98.4299,98.912,84.0206,93.5071,50.0005,50.0005,133.98,PASS
AES-256,256,TXT,50MB,52428800,50,1,31.0903,22.1151,1608.22,2260.9,97.8981,97.3563,65.6902,93.074,50.0005,50.0005,133.98,PASS
AES-192,192,TXT,50MB,52428800,50,2,30.3437,30.39,1647.79,1645.28,99.0902,99.0162,79.3948,91.8551,50.0005,50.0005,133.98,PASS
AES-256,256,TXT,50MB,52428800,50,2,32.141,31.37,1555.65,1593.88,96.9965,98.6126,85.9278,88.6725,50.0005,50.0005,133.98,PASS
AES-128,128,TXT,50MB,52428800,50,2,28.357,31.9971,1763.23,1562.64,97.0105,97.5805,60.5147,60.9055,50.0005,50.0005,133.98,PASS
AES-256,256,TXT,50MB,52428800,50,3,30.1507,30.8473,1658.34,1620.89,96.4668,97.7971,44.2141,67.4243,50.0005,50.0005,133.98,PASS
AES-128,128,TXT,50MB,52428800,50,3,32.8233,29.2035,1523.31,1712.12,99.0069,98.1274,93.1454,69.0578,50.0005,50.0005,133.98,PASS
AES-192,192,TXT,50MB,52428800,50,3,30.9886,31.0177,1613.5,1611.98,97.5521,94.9271,63.5264,61.6508,50.0005,50.0005,133.98,PASS
AES-128,128,TXT,50MB,52428800,50,4,31.65,31.9329,1579.78,1565.78,97.1747,95.4348,67.4305,60.176,50.0005,50.0005,133.98,PASS
AES-192,192,TXT,50MB,52428800,50,4,29.3024,32.2366,1706.34,1551.03,97.4882,95.7178,61.2434,43.5565,50.0005,50.0005,133.98,PASS
AES-256,256,TXT,50MB,52428800,50,4,34.6154,32.045,1444.44,1560.31,97.7163,97.2172,77.2412,60.5585,50.0005,50.0005,133.98,PASS
AES-192,192,TXT,50MB,52428800,50,5,30.3813,31.7297,1645.75,1575.81,96.0873,98.1391,88.4583,62.4616,50.0005,50.0005,133.98,PASS
AES-256,256,TXT,50MB,52428800,50,5,35.3113,32.0256,1415.98,1561.25,96.1867,96.9792,67.1491,66.871,50.0005,50.0005,133.98,PASS
AES-128,128,TXT,50MB,52428800,50,5,37.2526,30.4049,1342.19,1644.47,98.255,97.1935,63.2668,72.0795,50.0005,50.0005,133.98,PASS
AES-256,256,TXT,50MB,52428800,50,6,33.6273,33.6099,1486.89,1487.66,96.4047,96.0774,66.9706,55.3365,50.0005,50.0005,133.98,PASS
AES-128,128,TXT,50MB,52428800,50,6,28.4157,29.1811,1759.59,1713.44,97.6924,97.9443,76.1816,53.0982,50.0005,50.0005,133.98,PASS
AES-192,192,TXT,50MB,52428800,50,6,28.7662,33.7093,1738.15,1483.27,92.7559,97.4266,49.16,72.412,50.0005,50.0005,133.98,PASS
AES-128,128,TXT,50MB,52428800,50,7,27.8981,29.4514,1792.24,1697.71,98.0597,98.9201,70.8624,85.5712,50.0005,50.0005,133.98,PASS
AES-192,192,TXT,50MB,52428800,50,7,30.13,33.7733,1659.48,1480.46,96.8469,97.4633,39.3834,89.4788,50.0005,50.0005,133.98,PASS
AES-256,256,TXT,50MB,52428800,50,7,30.305,33.6657,1649.89,1485.19,97.8954,96.7625,66.6543,67.4418,50.0005,50.0005,133.98,PASS
AES-192,192,TXT,50MB,52428800,50,8,29.2453,33.5475,1709.68,1490.42,96.3471,97.7349,71.3853,87.2986,50.0005,50.0005,133.98,PASS
AES-256,256,TXT,50MB,52428800,50,8,31.9632,35.7931,1564.3,1396.92,95.4201,96.3951,45.3256,66.0005,50.0005,50.0005,133.98,PASS
AES-128,128,TXT,50MB,52428800,50,8,27.5079,31.7601,1817.66,1574.3,95.6459,98.4969,60.9229,73.3716,50.0005,50.0005,133.98,PASS
AES-256,256,TXT,50MB,52428800,50,9,32.0558,32.427,1559.78,1541.92,96.6433,96.8793,53.8721,55.7158,50.0005,50.0005,133.98,PASS
AES-128,128,TXT,50MB,52428800,50,9,33.2871,32.2908,1502.08,1548.43,95.3874,97.3557,42.7508,62.1035,50.0005,50.0005,133.98,PASS
AES-192,192,TXT,50MB,52428800,50,9,29.9022,30.5991,1672.12,1634.03,98.3908,97.4497,73.1543,55.5578,50.0005,50.0005,133.98,PASS
AES-128,128,TXT,50MB,52428800,50,10,29.1658,29.4097,1714.34,1700.12,94.0376,94.6199,77.0855,55.653,50.0005,50.0005,133.98,PASS
AES-192,192,TXT,50MB,52428800,50,10,29.5308,30.2707,1693.15,1651.76,98.2364,94.6185,79.7286,66.1436,50.0005,50.0005,133.98,PASS
AES-256,256,TXT,50MB,52428800,50,10,30.4691,31.6906,1641.01,1577.75,96.8771,97.0931,55.4395,73.1936,50.0005,50.0005,133.98,PASS
AES-128,128,PDF,1KB,1024,0.000976562,1,0.0474999,0.0644999,20.5593,15.1405,95.8005,98.0077,37.4991,56.2494,0.00151634,0.00145817,35.5234,PASS
AES-192,192,PDF,1KB,1024,0.000976562,1,0.0534999,0.0276,18.2535,35.3827,90.178,95.3353,37.4991,43.7489,0.00151634,0.00145817,35.5234,PASS
AES-256,256,PDF,1KB,1024,0.000976562,1,0.0484,0.0507,20.1769,19.2616,95.0304,95.5792,49.9981,68.7486,0.00151634,0.00145817,35.5234,PASS
AES-192,192,PDF,1KB,1024,0.000976562,2,0.0583001,0.0315,16.7506,31.002,97.3922,91.8484,81.2496,62.499,0.00151634,0.00145817,35.5234,PASS
AES-256,256,PDF,1KB,1024,0.000976562,2,0.0415,0.0645,23.5316,15.1405,93.8674,94.9859,62.3264,56.2485,0.00151634,0.00145817,35.5234,PASS
AES-128,128,PDF,1KB,1024,0.000976562,2,0.0419,0.0332999,23.307,29.3263,95.5948,91.3736,68.7486,68.7496,0.00151634,0.00145817,35.5234,PASS
AES-256,256,PDF,1KB,1024,0.000976562,3,0.0584,0.0547001,16.722,17.853,93.3676,98.8491,49.999,74.998,0.00151634,0.00145817,35.5234,PASS
AES-128,128,PDF,1KB,1024,0.000976562,3,0.0398001,0.0229999,24.5367,42.4593,98.5819,98.9833,93.7485,87.4997,0.00151634,0.00145817,35.5234,PASS
AES-192,192,PDF,1KB,1024,0.000976562,3,0.0555,0.0326,17.5957,29.9559,97.0527,98.0352,62.4978,56.2499,0.00151634,0.00145817,35.5234,PASS
AES-128,128,PDF,1KB,1024,0.000976562,4,0.0468,0.0341,20.8667,28.6382,97.278,97.6662,62.499,56.2487,0.00151634,0.00145817,35.5234,PASS
AES-192,192,PDF,1KB,1024,0.000976562,4,0.0461,0.0267,21.1836,36.5754,98.4733,92.8136,74.9998,31.2499,0.00151634,0.00145817,35.5234,PASS
AES-256,256,PDF,1KB,1024,0.000976562,4,0.0524,0.0303,18.6367,32.2298,97.2708,97.7857,56.2492,56.2498,0.00151634,0.00145817,35.5234,PASS
AES-192,192,PDF,1KB,1024,0.000976562,5,0.0376999,0.0292,25.9036,33.4439,97.1484,98.8092,62.4978,68.7491,0.00151634,0.00145817,35.5234,PASS
AES-256,256,PDF,1KB,1024,0.000976562,5,0.0469,0.0334,20.8222,29.2384,93.6851,96.5284,68.7474,74.9996,0.00151634,0.00145817,35.5234,PASS
AES-128,128,PDF,1KB,1024,0.000976562,5,0.0510999,0.0295001,19.1108,33.1037,97.5318,96.7676,68.7479,49.9992,0.00151634,0.00145817,35.5234,PASS
AES-256,256,PDF,1KB,1024,0.000976562,6,0.0495999,0.0372001,19.6888,26.2516,97.9842,93.6321,56.2481,87.4992,0.00151634,0.00145817,35.5234,PASS
AES-128,128,PDF,1KB,1024,0.000976562,6,0.0497,0.0292,19.6491,33.4439,95.1467,98.3177,56.2482,56.25,0.00151634,0.00145817,35.5234,PASS
AES-192,192,PDF,1KB,1024,0.000976562,6,0.0515,0.0314,18.9624,31.1007,98.0655,98.2367,56.2491,75,0.00151634,0.00145817,35.5234,PASS
AES-128,128,PDF,1KB,1024,0.000976562,7,0.0496,0.0293,19.6887,33.3298,98.162,96.9088,81.247,56.2499,0.00151634,0.00145817,35.5234,PASS
AES-192,192,PDF,1KB,1024,0.000976562,7,0.0432,0.0337,22.6056,28.9781,97.4563,96.6586,68.7479,87.487,0.00151634,0.00145817,35.5234,PASS
AES-256,256,PDF,1KB,1024,0.000976562,7,0.0534999,0.0317,18.2535,30.8064,94.327,92.7585,49.9981,43.7498,0.00151634,0.00145817,35.5234,PASS
AES-192,192,PDF,1KB,1024,0.000976562,8,0.0707,0.025,13.8128,39.0626,97.3458,99.2434,68.7499,87.4987,0.00151634,0.00145817,35.5234,PASS
AES-256,256,PDF,1KB,1024,0.000976562,8,0.0487,0.0352,20.0526,27.7432,99.5413,99.3513,87.4995,93.7497,0.00151634,0.00145817,35.5234,PASS
AES-128,128,PDF,1KB,1024,0.000976562,8,0.0438,0.031,22.296,31.502,99.6784,96.5696,99.9994,62.4987,0.00151634,0.00145817,35.5234,PASS
AES-256,256,PDF,1KB,1024,0.000976562,9,0.0464,0.031,21.0466,31.502,98.8204,97.1557,68.7496,68.7493,0.00151634,0.00145817,35.5234,PASS
AES-128,128,PDF,1KB,1024,0.000976562,9,0.0508,0.0311,19.2237,31.4007,93.2822,97.6614,87.4982,68.749,0.00151634,0.00145817,35.5234,PASS
AES-192,192,PDF,1KB,1024,0.000976562,9,0.0404,0.0455,24.1724,21.4629,95.1759,96.7261,37.4999,49.9998,0.00151634,0.00145817,35.5234,PASS
AES-128,128,PDF,1KB,1024,0.000976562,10,0.0528999,0.0309,18.4606,31.604,97.6003,92.7163,81.2498,68.7484,0.00151634,0.00145817,35.5234,PASS
AES-192,192,PDF,1KB,1024,0.000976562,10,0.0453001,0.0375001,21.5576,26.0416,95.3411,96.1825,37.4997,24.9995,0.00151634,0.00145817,35.5234,PASS
AES-256,256,PDF,1KB,1024,0.000976562,10,0.0330999,0.0273001,29.5035,35.7714,93.436,93.3933,24.9998,12.4999,0.00151634,0.00145817,35.5234,PASS
AES-128,128,PDF,100KB,102400,0.0976562,1,0.1007,0.0892,969.773,1094.8,87.9965,94.6745,31.2472,18.7448,0.098196,0.0981379,34.375,PASS
AES-192,192,PDF,100KB,102400,0.0976562,1,0.0995999,0.3045,980.485,320.71,95.4011,96.6576,31.2452,37.4918,0.098196,0.0981379,34.375,PASS
AES-256,256,PDF,100KB,102400,0.0976562,1,0.0949,0.168,1029.04,581.287,96.2551,90.185,43.748,24.9441,0.098196,0.0981379,33.9727,PASS
AES-192,192,PDF,100KB,102400,0.0976562,2,0.089,0.0788,1097.26,1239.29,96.0106,95.5241,49.9941,31.2497,0.098196,0.0981379,34.375,PASS
AES-256,256,PDF,100KB,102400,0.0976562,2,0.1075,0.1382,908.43,706.63,97.1601,96.7133,74.9872,56.247,0.098196,0.0981379,34.375,PASS
AES-128,128,PDF,100KB,102400,0.0976562,2,0.0975999,0.1382,1000.58,706.63,93.1039,97.475,49.9979,24.9966,0.098196,0.0981379,34.375,PASS
AES-256,256,PDF,100KB,102400,0.0976562,3,0.1033,0.1455,945.366,671.177,97.3272,96.6166,24.9986,56.2453,0.098196,0.0981379,34.375,PASS
AES-128,128,PDF,100KB,102400,0.0976562,3,0.0845999,0.1363,1154.33,716.48,92.0883,92.0679,49.9991,31.2482,0.098196,0.0981379,34.375,PASS
AES-192,192,PDF,100KB,102400,0.0976562,3,0.0916,0.2378,1066.12,410.666,96.7508,96.4698,37.4958,49.9948,0.098196,0.0981379,34.375,PASS
AES-128,128,PDF,100KB,102400,0.0976562,4,0.1135,0.1609,860.408,606.937,98.2897,92.7706,74.9889,74.9926,0.098196,0.0981379,34.375,PASS
AES-192,192,PDF,100KB,102400,0.0976562,4,0.0961,0.1427,1016.19,684.346,96.1688,96.096,49.9943,49.9997,0.098196,0.0981379,34.375,PASS
AES-256,256,PDF,100KB,102400,0.0976562,4,0.1153,0.2826,846.976,345.564,95.4306,97.2641,49.9923,93.7494,0.098196,0.0981379,34.3438,PASS
AES-192,192,PDF,100KB,102400,0.0976562,5,0.107,0.148,912.675,659.84,92.097,96.6756,49.9981,12.4989,0.098196,0.0981379,34.3164,PASS
AES-256,256,PDF,100KB,102400,0.0976562,5,0.0922,0.1391,1059.18,702.058,96.6835,97.304,68.738,43.7434,0.098196,0.0981379,34.3164,PASS
AES-128,128,PDF,100KB,102400,0.0976562,5,0.0868001,0.132,1125.07,739.82,96.5216,94.5759,18.7477,49.9955,0.098196,0.0981379,34.3164,PASS
AES-256,256,PDF,100KB,102400,0.0976562,6,0.0960999,0.1366,1016.19,714.907,95.4444,95.5311,37.4902,24.997,0.098196,0.0981379,34.3164,PASS
AES-128,128,PDF,100KB,102400,0.0976562,6,0.0921,0.4834,1060.33,202.02,94.5814,93.9895,43.749,24.9979,0.098196,0.0981379,34.3164,PASS
AES-192,192,PDF,100KB,102400,0.0976562,6,0.1059,0.1364,922.155,715.954,94.0759,96.7274,43.7431,37.4985,0.098196,0.0981379,34.3164,PASS
AES-128,128,PDF,100KB,102400,0.0976562,7,0.1055,0.1362,925.652,717.006,96.6634,96.6331,68.747,49.9949,0.098196,0.0981379,34.3164,PASS
AES-192,192,PDF,100KB,102400,0.0976562,7,0.1046,0.1262,933.616,773.821,98.0888,91.4617,87.4892,56.2489,0.098196,0.0981379,34.3164,PASS
AES-256,256,PDF,100KB,102400,0.0976562,7,0.0899,0.1452,1086.28,672.564,95.1181,95.009,18.7494,31.2485,0.098196,0.0981379,33.9141,PASS
AES-192,192,PDF,100KB,102400,0.0976562,8,0.105,0.0806,930.06,1211.62,93.5319,95.4168,37.4959,68.7408,0.098196,0.0981379,33.9141,PASS
AES-256,256,PDF,100KB,102400,0.0976562,8,0.1264,0.0772,772.597,1264.98,95.1792,96.6792,49.9944,37.4942,0.098196,0.0981379,33.9141,PASS
AES-128,128,PDF,100KB,102400,0.0976562,8,0.0911,0.0697001,1071.97,1401.09,96.4438,97.0657,49.9997,49.9974,0.098196,0.0981379,34.3164,PASS
AES-256,256,PDF,100KB,102400,0.0976562,9,0.1096,0.166,891.024,588.291,97.0059,95.3906,62.3479,49.993,0.098196,0.0981379,34.3164,PASS
AES-128,128,PDF,100KB,102400,0.0976562,9,0.7135,0.1524,136.869,640.789,96.4434,96.8667,12.4982,62.4717,0.098196,0.0981379,34.3164,PASS
AES-192,192,PDF,100KB,102400,0.0976562,9,0.0772,0.1409,1264.98,693.089,95.6933,93.078,31.2463,37.4999,0.098196,0.0981379,34.3164,PASS
AES-128,128,PDF,100KB,102400,0.0976562,10,0.0897,0.1386,1088.7,704.591,95.7521,94.9855,43.7458,18.7498,0.098196,0.0981379,34.3164,PASS
AES-192,192,PDF,100KB,102400,0.0976562,10,0.1007,0.1283,969.775,761.155,94.3483,98.1112,18.7482,74.9979,0.098196,0.0981379,34.3164,PASS
AES-256,256,PDF,100KB,102400,0.0976562,10,0.0991999,0.1408,984.439,693.581,91.5147,96.8032,37.4987,31.2487,0.098196,0.0981379,33.9141,PASS
AES-128,128,PDF,1MB,1048576,1,1,0.7004,0.6832,1427.76,1463.7,98.3374,99.0255,68.5375,81.1731,1.00054,1.00048,35.9219,PASS
AES-192,192,PDF,1MB,1048576,1,1,0.6729,0.6666,1486.1,1500.15,98.774,99.2298,74.888,99.7546,1.00054,1.00048,35.9219,PASS
AES-256,256,PDF,1MB,1048576,1,1,0.8746,0.8428,1143.38,1186.52,98.4627,98.6037,87.429,87.3926,1.00054,1.00048,35.9219,PASS
AES-192,192,PDF,1MB,1048576,1,2,0.6757,0.8813,1479.95,1134.69,98.4117,97.7329,62.4264,62.4882,1.00054,1.00048,35.9219,PASS
AES-256,256,PDF,1MB,1048576,1,2,0.6672,0.6728,1498.8,1486.33,96.0713,98.648,56.1733,68.5802,1.00054,1.00048,35.9219,PASS
AES-128,128,PDF,1MB,1048576,1,2,0.6989,0.668,1430.82,1497.01,99.1028,98.0847,87.4779,81.2428,1.00054,1.00048,35.9219,PASS
AES-256,256,PDF,1MB,1048576,1,3,0.7083,0.7072,1411.83,1414.03,98.5707,98.7341,74.8002,93.7161,1.00054,1.00048,35.9219,PASS
AES-128,128,PDF,1MB,1048576,1,3,0.6449,0.686,1550.63,1457.73,98.864,98.7081,74.9234,74.8105,1.00054,1.00048,35.9219,PASS
AES-192,192,PDF,1MB,1048576,1,3,0.6343,0.6958,1576.54,1437.19,98.8327,97.5542,81.2384,74.9568,1.00054,1.00048,35.9219,PASS
AES-128,128,PDF,1MB,1048576,1,4,0.6662,0.6796,1501.05,1471.45,98.5941,99.185,81.177,93.7352,1.00054,1.00048,35.9219,PASS
AES-192,192,PDF,1MB,1048576,1,4,0.6762,0.7058,1478.85,1416.83,98.8267,97.8291,93.4928,81.1835,1.00054,1.00048,35.9219,PASS
AES-256,256,PDF,1MB,1048576,1,4,0.7057,0.7205,1417.03,1387.93,97.9699,99.2855,74.8596,93.5088,1.00054,1.00048,35.9219,PASS
AES-192,192,PDF,1MB,1048576,1,5,0.7066,0.6807,1415.23,1469.08,98.0351,98.6677,68.6661,87.3719,1.00054,1.00048,35.9219,PASS
AES-256,256,PDF,1MB,1048576,1,5,0.7018,0.7053,1424.91,1417.84,98.7993,97.0385,81.2457,87.2554,1.00054,1.00048,35.9219,PASS
AES-128,128,PDF,1MB,1048576,1,5,0.6585,0.6614,1518.6,1511.94,97.4867,98.9295,68.7072,93.6219,1.00054,1.00048,35.9219,PASS
AES-256,256,PDF,1MB,1048576,1,6,0.6964,0.7209,1435.96,1387.16,99.1895,98.6281,93.56,99.8955,1.00054,1.00048,35.9219,PASS
AES-128,128,PDF,1MB,1048576,1,6,0.6901,0.6577,1449.07,1520.45,98.1037,99.0107,74.9248,87.344,1.00054,1.00048,35.9219,PASS
AES-192,192,PDF,1MB,1048576,1,6,0.6889,0.7967,1451.59,1255.18,99.0822,98.6774,87.4171,93.4655,1.00054,1.00048,35.9219,PASS
AES-128,128,PDF,1MB,1048576,1,7,0.6245,0.6333,1601.28,1579.03,98.9629,98.3016,81.25,81.1538,1.00054,1.00048,35.9219,PASS
AES-192,192,PDF,1MB,1048576,1,7,0.6847,0.6699,1460.49,1492.76,98.7113,97.6342,93.4721,74.8109,1.00054,1.00048,35.9219,PASS
AES-256,256,PDF,1MB,1048576,1,7,0.6944,0.928,1440.09,1077.59,98.9042,97.8634,93.6282,62.3648,1.00054,1.00048,35.9219,PASS
AES-192,192,PDF,1MB,1048576,1,8,0.7084,0.7006,1411.63,1427.35,96.4689,98.0385,87.4097,81.2194,1.00054,1.00048,35.9219,PASS
AES-256,256,PDF,1MB,1048576,1,8,0.7625,0.764,1311.48,1308.9,97.8916,99.131,81.084,99.9963,1.00054,1.00048,35.9219,PASS
AES-128,128,PDF,1MB,1048576,1,8,0.6623,0.6678,1509.89,1497.45,98.3901,98.5948,74.9424,93.6269,1.00054,1.00048,35.9219,PASS
AES-256,256,PDF,1MB,1048576,1,9,0.7044,0.7207,1419.65,1387.54,96.6374,95.993,81.1616,74.9174,1.00054,1.00048,35.9219,PASS
AES-128,128,PDF,1MB,1048576,1,9,0.6291,0.6231,1589.57,1604.88,96.8338,95.0995,93.6392,74.9819,1.00054,1.00048,35.9219,PASS
AES-192,192,PDF,1MB,1048576,1,9,0.8054,0.6972,1241.62,1434.31,99.0418,98.6555,93.6226,74.853,1.00054,1.00048,35.9219,PASS
AES-128,128,PDF,1MB,1048576,1,10,0.6458,0.6938,1548.47,1441.34,98.2033,97.8565,74.808,74.985,1.00054,1.00048,35.9219,PASS
AES-192,192,PDF,1MB,1048576,1,10,0.6965,0.7086,1435.75,1411.23,98.9635,98.1764,106.236,87.4081,1.00054,1.00048,35.9219,PASS
AES-256,256,PDF,1MB,1048576,1,10,0.7363,0.6912,1358.14,1446.76,98.7242,97.383,99.7914,56.0629,1.00054,1.00048,35.9219,PASS
AES-128,128,PDF,5MB,5242880,5,1,2.6009,3.0355,1922.41,1647.18,97.6562,97.6206,74.541,80.1803,5.00054,5.00048,43.9219,PASS
AES-192,192,PDF,5MB,5242880,5,1,3.1135,3.1216,1605.91,1601.74,98.9425,98.4556,92.9643,80.715,5.00054,5.00048,43.9219,PASS
AES-256,256,PDF,5MB,5242880,5,1,3.0171,5.0026,1657.22,999.48,97.9544,96.9812,68.5175,80.2888,5.00054,5.00048,43.9219,PASS
AES-192,192,PDF,5MB,5242880,5,2,2.9937,3.053,1670.17,1637.73,98.7645,97.338,86.3655,81.2234,5.00054,5.00048,43.9219,PASS
AES-256,256,PDF,5MB,5242880,5,2,3.2584,3.1102,1534.5,1607.61,98.9335,99.3098,93.0109,99.9151,5.00054,5.00048,43.9219,PASS
AES-128,128,PDF,5MB,5242880,5,2,2.9173,2.9747,1713.91,1680.84,96.4884,99.6835,74.2538,105.662,5.00054,5.00048,43.9219,PASS
AES-256,256,PDF,5MB,5242880,5,3,3.0512,2.3489,1638.7,2128.66,98.2098,98.7867,80.6694,80.1805,5.00054,5.00048,43.9219,PASS
AES-128,128,PDF,5MB,5242880,5,3,2.8527,2.9687,1752.73,1684.24,98.388,97.8352,55.9437,93.4445,5.00054,5.00048,43.9219,PASS
AES-192,192,PDF,5MB,5242880,5,3,1.7206,1.7549,2905.96,2849.17,96.8891,97.6673,80.6905,92.4729,5.00054,5.00048,43.9219,PASS
AES-128,128,PDF,5MB,5242880,5,4,3.1653,3.1307,1579.63,1597.09,98.8686,97.9749,80.8671,93.091,5.00054,5.00048,43.9219,PASS
AES-192,192,PDF,5MB,5242880,5,4,2.8892,3.1257,1730.58,1599.64,95.5186,98.3651,68.0545,73.7083,5.00054,5.00048,43.9219,PASS
AES-256,256,PDF,5MB,5242880,5,4,3.0989,3.0443,1613.48,1642.41,97.2115,97.9985,74.3756,80.4749,5.00054,5.00048,43.9219,PASS
AES-192,192,PDF,5MB,5242880,5,5,3.0637,3.1186,1632.01,1603.28,97.2073,98.0971,61.6956,74.3153,5.00054,5.00048,43.9219,PASS
AES-256,256,PDF,5MB,5242880,5,5,3.0386,3.0769,1645.49,1625.01,98.9239,98.5833,99.9938,92.7317,5.00054,5.00048,43.9219,PASS
AES-128,128,PDF,5MB,5242880,5,5,2.8894,2.9316,1730.46,1705.55,98.1268,98.4015,61.7571,81.2339,5.00054,5.00048,43.9219,PASS
AES-256,256,PDF,5MB,5242880,5,6,3.0096,2.9329,1661.35,1704.8,97.3791,98.6911,74.9016,92.8404,5.00054,5.00048,43.9219,PASS
AES-128,128,PDF,5MB,5242880,5,6,2.7161,2.8053,1840.87,1782.34,98.6246,98.8186,80.3563,99.9009,5.00054,5.00048,43.9219,PASS
AES-192,192,PDF,5MB,5242880,5,6,3.9406,3.2123,1268.84,1556.52,99.2852,98.8327,99.9195,86.7879,5.00054,5.00048,43.9219,PASS
AES-128,128,PDF,5MB,5242880,5,7,2.9474,2.935,1696.41,1703.58,98.6192,98.3037,87.2483,86.8518,5.00054,5.00048,43.9219,PASS
AES-192,192,PDF,5MB,5242880,5,7,3.1159,3.0698,1604.67,1628.77,97.7135,97.9142,56.1866,86.9861,5.00054,5.00048,43.9219,PASS
AES-256,256,PDF,5MB,5242880,5,7,3.0703,3.0454,1628.51,1641.82,97.3967,98.8387,74.0241,86.6279,5.00054,5.00048,43.9219,PASS
AES-192,192,PDF,5MB,5242880,5,8,3.1153,3.9511,1604.98,1265.47,98.8476,97.7187,87.3015,80.1774,5.00054,5.00048,43.9219,PASS
AES-256,256,PDF,5MB,5242880,5,8,3.0444,3.133,1642.36,1595.91,97.1862,97.4652,93.4494,81.0359,5.00054,5.00048,43.9219,PASS
AES-128,128,PDF,5MB,5242880,5,8,3.0819,3.0348,1622.38,1647.56,97.087,99.0084,67.6361,87.2035,5.00054,5.00048,43.9219,PASS
AES-256,256,PDF,5MB,5242880,5,9,3.2739,3.2407,1527.23,1542.88,97.7914,97.1178,86.9208,86.4176,5.00054,5.00048,43.9219,PASS
AES-128,128,PDF,5MB,5242880,5,9,2.8808,2.8144,1735.63,1776.58,98.0071,97.2039,74.2923,74.7692,5.00054,5.00048,43.9219,PASS
AES-192,192,PDF,5MB,5242880,5,9,3.1132,3.221,1606.06,1552.31,96.4928,98.9819,86.7994,80.7683,5.00054,5.00048,43.9219,PASS
AES-128,128,PDF,5MB,5242880,5,10,2.9974,2.8915,1668.11,1729.21,98.1162,98.1273,74.803,87.1942,5.00054,5.00048,43.9219,PASS
AES-192,192,PDF,5MB,5242880,5,10,2.9729,3.0796,1681.86,1623.59,99.4317,98.3193,93.2446,80.6581,5.00054,5.00048,43.9219,PASS
AES-256,256,PDF,5MB,5242880,5,10,3.2188,3.1474,1553.37,1588.61,98.3823,96.3056,93.3025,86.3971,5.00054,5.00048,43.9219,PASS
AES-128,128,PDF,10MB,10485760,10,1,6.143,5.7296,1627.87,1745.32,99.0664,98.4016,92.6165,86.4553,10.0005,10.0005,53.9219,PASS
AES-192,192,PDF,10MB,10485760,10,1,5.9214,6.0284,1688.79,1658.81,98.428,98.1576,103.814,86.9577,10.0005,10.0005,53.9219,PASS
AES-256,256,PDF,10MB,10485760,10,1,6.1675,6.1037,1621.4,1638.35,98.7487,98.4979,73.3417,103.325,10.0005,10.0005,53.9219,PASS
AES-192,192,PDF,10MB,10485760,10,2,6.3934,6.3,1564.11,1587.3,98.8086,97.5198,91.8077,86.0192,10.0005,10.0005,53.9219,PASS
AES-256,256,PDF,10MB,10485760,10,2,6.0428,5.9606,1654.86,1677.68,97.9419,97.6231,68.3776,74.8119,10.0005,10.0005,53.9219,PASS
AES-128,128,PDF,10MB,10485760,10,2,5.7365,6.2023,1743.22,1612.31,97.8469,98.2335,86.896,80.9888,10.0005,10.0005,53.9219,PASS
AES-256,256,PDF,10MB,10485760,10,3,6.0962,6.1005,1640.37,1639.21,99.201,98.3282,85.9068,99.3542,10.0005,10.0005,53.9219,PASS
AES-128,128,PDF,10MB,10485760,10,3,6.1011,5.97,1639.05,1675.04,98.2326,98.643,74.299,87.3855,10.0005,10.0005,53.9219,PASS
AES-192,192,PDF,10MB,10485760,10,3,5.9591,5.8555,1678.11,1707.8,98.9771,98.5231,80.0867,93.724,10.0005,10.0005,53.9219,PASS
AES-128,128,PDF,10MB,10485760,10,4,6.0616,9.1721,1649.73,1090.26,98.3489,98.6714,56.0641,97.6841,10.0005,10.0005,53.9219,PASS
AES-192,192,PDF,10MB,10485760,10,4,6.1026,6.1577,1638.65,1623.98,98.7084,98.6889,99.6603,81.2006,10.0005,10.0005,53.9219,PASS
AES-256,256,PDF,10MB,10485760,10,4,6.1974,6.8147,1613.58,1467.42,97.3769,98.2482,73.9584,86.2874,10.0005,10.0005,53.9219,PASS
AES-192,192,PDF,10MB,10485760,10,5,6.1464,5.8119,1626.97,1720.61,98.4324,96.0212,73.2116,73.5381,10.0005,10.0005,53.9219,PASS
AES-256,256,PDF,10MB,10485760,10,5,6.0085,8.1004,1664.31,1234.51,98.6045,97.4287,73.1842,87.3208,10.0005,10.0005,53.9219,PASS
AES-128,128,PDF,10MB,10485760,10,5,5.6171,5.7456,1780.28,1740.46,97.5931,98.6738,79.6069,91.418,10.0005,10.0005,53.9219,PASS
AES-256,256,PDF,10MB,10485760,10,6,7.3115,6.918,1367.71,1445.5,97.4887,97.5778,91.399,73.7955,10.0005,10.0005,53.9219,PASS
AES-128,128,PDF,10MB,10485760,10,6,5.4732,5.5435,1827.08,1803.91,98.8746,99.1882,87.004,81.1316,10.0005,10.0005,53.9219,PASS
AES-192,192,PDF,10MB,10485760,10,6,6.0074,6.0595,1664.61,1650.3,97.1119,97.5949,74.9256,73.8155,10.0005,10.0005,53.9219,PASS
AES-128,128,PDF,10MB,10485760,10,7,5.4883,5.5628,1822.06,1797.66,98.4944,98.5171,81.2384,97.9061,10.0005,10.0005,53.9219,PASS
AES-192,192,PDF,10MB,10485760,10,7,5.7567,6.0197,1737.11,1661.21,97.056,93.7561,68.0059,49.2861,10.0005,10.0005,53.9219,PASS
AES-256,256,PDF,10MB,10485760,10,7,6.1581,6.1031,1623.88,1638.51,98.0091,98.1044,81.058,74.7463,10.0005,10.0005,53.9219,PASS
AES-192,192,PDF,10MB,10485760,10,8,5.8137,6.04,1720.07,1655.63,96.9106,97.6872,74.476,98.9903,10.0005,10.0005,53.9219,PASS
AES-256,256,PDF,10MB,10485760,10,8,5.9083,6.2285,1692.53,1605.52,98.8152,98.1171,80.4603,68.4172,10.0005,10.0005,53.9219,PASS
AES-128,128,PDF,10MB,10485760,10,8,5.7966,5.7919,1725.15,1726.55,96.3104,97.5736,61.9024,85.8872,10.0005,10.0005,53.9219,PASS
AES-256,256,PDF,10MB,10485760,10,9,6.5412,6.4072,1528.77,1560.74,98.0322,98.7321,99.9223,98.2,10.0005,10.0005,53.9219,PASS
AES-128,128,PDF,10MB,10485760,10,9,5.7133,5.742,1750.3,1741.55,98.3982,98.5493,79.4314,98.0387,10.0005,10.0005,53.9219,PASS
AES-192,192,PDF,10MB,10485760,10,9,5.9714,5.8851,1674.65,1699.21,94.1793,96.75,60.9426,80.2391,10.0005,10.0005,53.9219,PASS
AES-128,128,PDF,10MB,10485760,10,10,6.071,5.8333,1647.18,1714.3,96.2179,97.138,49.0746,80.0135,10.0005,10.0005,53.9219,PASS
AES-192,192,PDF,10MB,10485760,10,10,6.0903,5.8099,1641.96,1721.2,95.4606,93.7886,72.9319,73.8033,10.0005,10.0005,53.9219,PASS
AES-256,256,PDF,10MB,10485760,10,10,6.1864,6.1148,1616.45,1635.38,97.9627,99.1345,79.1634,98.8202,10.0005,10.0005,53.9219,PASS
AES-128,128,PDF,50MB,52428800,50,1,30.0751,32.6411,1662.5,1531.81,94.4555,97.5502,61.467,74.4554,50.0005,50.0005,133.922,PASS
AES-192,192,PDF,50MB,52428800,50,1,30.7713,32.5504,1624.89,1536.08,98.0156,96.9866,74.983,68.5329,50.0005,50.0005,133.922,PASS
AES-256,256,PDF,50MB,52428800,50,1,31.5121,36.1177,1586.69,1384.36,96.207,95.9095,55.439,35.1633,50.0005,50.0005,133.922,PASS
AES-192,192,PDF,50MB,52428800,50,2,30.2281,38.0597,1654.09,1313.73,97.7081,96.3543,75.2362,61.2071,50.0005,50.0005,133.922,PASS
AES-256,256,PDF,50MB,52428800,50,2,30.2056,31.9855,1655.32,1563.21,97.3846,95.7931,86.9376,72.2408,50.0005,50.0005,133.922,PASS
AES-128,128,PDF,50MB,52428800,50,2,29.7936,32.0513,1678.21,1560,94.8134,97.7684,71.7142,74.5258,50.0005,50.0005,133.922,PASS
AES-256,256,PDF,50MB,52428800,50,3,34.1681,31.0555,1463.35,1610.02,97.6871,96.2667,62.4423,53.7965,50.0005,50.0005,133.922,PASS
AES-128,128,PDF,50MB,52428800,50,3,29.6841,31.6083,1684.4,1581.86,97.5523,97.8924,56.8394,89.194,50.0005,50.0005,133.922,PASS
AES-192,192,PDF,50MB,52428800,50,3,31.2204,32.1665,1601.52,1554.41,97.7749,93.2593,78.9069,60.6905,50.0005,50.0005,133.922,PASS
AES-128,128,PDF,50MB,52428800,50,4,27.6629,27.6707,1807.47,1806.97,96.9576,97.6469,61.8146,74.9265,50.0005,50.0005,133.922,PASS
AES-192,192,PDF,50MB,52428800,50,4,32.5512,33.3876,1536.04,1497.56,93.9055,97.149,67.7117,66.9399,50.0005,50.0005,133.922,PASS
AES-256,256,PDF,50MB,52428800,50,4,21.5614,33.9711,2318.96,1471.84,98.7713,96.8346,89.1956,67.787,50.0005,50.0005,133.922,PASS
AES-192,192,PDF,50MB,52428800,50,5,30.1,29.0837,1661.13,1719.18,96.6163,97.6178,81.2361,61.4892,50.0005,50.0005,133.922,PASS
AES-256,256,PDF,50MB,52428800,50,5,31.911,32.2487,1566.86,1550.45,97.4839,93.446,67.1503,63.588,50.0005,50.0005,133.922,PASS
AES-128,128,PDF,50MB,52428800,50,5,28.1128,29.3439,1778.55,1703.93,97.3379,96.3359,56.7209,50.0825,50.0005,50.0005,133.922,PASS
AES-256,256,PDF,50MB,52428800,50,6,31.3346,33.7035,1595.68,1483.53,97.4862,95.9036,54.6594,53.1135,50.0005,50.0005,133.922,PASS
AES-128,128,PDF,50MB,52428800,50,6,28.6762,29.4307,1743.61,1698.91,98.7299,94.3365,80.5016,68.7456,50.0005,50.0005,133.98,PASS
AES-192,192,PDF,50MB,52428800,50,6,31.0711,30.5044,1609.21,1639.11,97.1375,98.2139,72.6736,80.8983,50.0005,50.0005,133.98,PASS
AES-128,128,PDF,50MB,52428800,50,7,29.6776,30.1116,1684.77,1660.49,98.4849,97.7978,62.3896,76.66,50.0005,50.0005,133.98,PASS
AES-192,192,PDF,50MB,52428800,50,7,31.2266,34.8145,1601.2,1436.18,98.5878,97.7605,67.8311,88.5214,50.0005,50.0005,133.98,PASS
AES-256,256,PDF,50MB,52428800,50,7,31.8042,33.8611,1572.12,1476.62,98.3475,98.6157,72.7773,77.6501,50.0005,50.0005,133.98,PASS
AES-192,192,PDF,50MB,52428800,50,8,30.4589,30.97,1641.56,1614.47,98.1974,97.6459,70.2819,55.3294,50.0005,50.0005,133.98,PASS
AES-256,256,PDF,50MB,52428800,50,8,31.4318,33.382,1590.75,1497.81,98.5675,98.3399,81.7955,71.1175,50.0005,50.0005,133.98,PASS
AES-128,128,PDF,50MB,52428800,50,8,33.2558,31.0913,1503.5,1608.17,98.3471,98.3867,75.3406,85.8706,50.0005,50.0005,133.98,PASS
AES-256,256,PDF,50MB,52428800,50,9,31.5888,46.1443,1582.84,1083.56,96.7957,97.9164,42.0214,73.7029,50.0005,50.0005,133.98,PASS
AES-128,128,PDF,50MB,52428800,50,9,28.8286,31.4595,1734.39,1589.35,95.3452,95.5379,44.1572,66.5445,50.0005,50.0005,133.98,PASS
AES-192,192,PDF,50MB,52428800,50,9,27.7254,35.5295,1803.4,1407.28,96.6753,96.9036,71.5054,86.5731,50.0005,50.0005,133.98,PASS
AES-128,128,PDF,50MB,52428800,50,10,29.5722,30.3341,1690.78,1648.31,94.5454,97.1438,66.3408,71.0835,50.0005,50.0005,133.98,PASS
AES-192,192,PDF,50MB,52428800,50,10,31.04,30.8758,1610.82,1619.39,97.5891,98.1655,67.4566,63.2578,50.0005,50.0005,133.98,PASS
AES-256,256,PDF,50MB,52428800,50,10,30.8076,30.3694,1622.98,1646.39,96.6782,98.2188,48.6021,66.2491,50.0005,50.0005,133.98,PASS
AES-128,128,JPG,1KB,1024,0.000976562,1,0.0344,0.0203,28.3884,48.1064,96.187,96.2958,62.4995,87.499,0.00151634,0.00145817,35.5273,PASS
AES-192,192,JPG,1KB,1024,0.000976562,1,0.0513999,0.0313,18.9993,31.2001,95.2091,95.1726,43.7484,49.9989,0.00151634,0.00145817,35.5273,PASS
AES-256,256,JPG,1KB,1024,0.000976562,1,0.0514,0.027,18.9993,36.169,94.0204,94.9051,12.4996,37.4999,0.00151634,0.00145817,35.5273,PASS
AES-192,192,JPG,1KB,1024,0.000976562,2,0.0521999,0.0561,18.7081,17.4075,89.3743,96.043,31.2368,49.9987,0.00151634,0.00145817,35.5273,PASS
AES-256,256,JPG,1KB,1024,0.000976562,2,0.0459,0.0344,21.2759,28.3884,96.6534,95.9828,37.499,62.4987,0.00151634,0.00145817,35.5273,PASS
AES-128,128,JPG,1KB,1024,0.000976562,2,0.0414,0.0336999,23.5885,28.9782,97.7455,89.9893,81.2492,49.9988,0.00151634,0.00145817,35.5273,PASS
AES-256,256,JPG,1KB,1024,0.000976562,3,0.1208,0.0486999,8.08413,20.0527,96.7835,96.2084,68.7495,43.7497,0.00151634,0.00145817,35.5273,PASS
AES-128,128,JPG,1KB,1024,0.000976562,3,0.045,0.0257001,21.7014,37.9984,93.6505,97.4186,62.4984,31.2498,0.00151634,0.00145817,35.5273,PASS
AES-192,192,JPG,1KB,1024,0.000976562,3,0.0509,0.0401,19.1859,24.3532,91.8449,96.4147,37.4997,18.7495,0.00151634,0.00145817,35.5273,PASS
AES-128,128,JPG,1KB,1024,0.000976562,4,0.0501,0.0286,19.4923,34.1456,93.874,95.6262,37.4988,49.9987,0.00151634,0.00145817,35.5273,PASS
AES-192,192,JPG,1KB,1024,0.000976562,4,0.0520999,0.0344,18.744,28.3884,92.3859,88.1969,56.2491,24.9993,0.00151634,0.00145817,35.5273,PASS
AES-256,256,JPG,1KB,1024,0.000976562,4,0.0365999,0.0282,26.6821,34.6299,95.0478,96.4977,37.4987,37.4992,0.00151634,0.00145817,35.5273,PASS
AES-192,192,JPG,1KB,1024,0.000976562,5,0.0587,0.035,16.6365,27.9018,95.48,97.1058,37.4994,37.4991,0.00151634,0.00145817,35.5273,PASS
AES-256,256,JPG,1KB,1024,0.000976562,5,0.051,0.0291,19.1483,33.5589,92.2788,97.0837,43.748,49.9999,0.00151634,0.00145817,35.5273,PASS
AES-128,128,JPG,1KB,1024,0.000976562,5,0.0437,0.0335,22.347,29.1511,97.4576,96.7794,43.7488,37.4993,0.00151634,0.00145817,35.5273,PASS
AES-256,256,JPG,1KB,1024,0.000976562,6,0.0511,0.0354,19.1108,27.5865,94.423,91.1794,12.4999,56.2498,0.00151634,0.00145817,35.5273,PASS
AES-128,128,JPG,1KB,1024,0.000976562,6,0.0447001,0.0295,21.847,33.1038,97.0084,95.9127,74.9942,43.7498,0.00151634,0.00145817,35.5273,PASS
AES-192,192,JPG,1KB,1024,0.000976562,6,0.0548,0.0376999,17.8205,25.9036,96.6069,98.2381,37.4987,49.9997,0.00151634,0.00145817,35.5273,PASS
AES-128,128,JPG,1KB,1024,0.000976562,7,0.0424001,0.028,23.0321,34.8773,97.078,94.7305,37.4998,18.75,0.00151634,0.00145817,35.5273,PASS
AES-192,192,JPG,1KB,1024,0.000976562,7,0.0436,0.0329,22.3982,29.6827,96.4606,97.4237,18.7498,62.4987,0.00151634,0.00145817,35.5273,PASS
AES-256,256,JPG,1KB,1024,0.000976562,7,0.0562001,0.0360999,17.3765,27.0516,95.717,98.1718,68.7476,62.4988,0.00151634,0.00145817,35.5273,PASS
AES-192,192,JPG,1KB,1024,0.000976562,8,0.0463,0.0257001,21.0921,37.9984,97.9458,97.1152,56.2485,37.4995,0.00151634,0.00145817,35.5273,PASS
AES-256,256,JPG,1KB,1024,0.000976562,8,0.0469,0.0337,20.8222,28.9781,97.324,89.0497,49.9981,37.4999,0.00151634,0.00145817,35.5273,PASS
AES-128,128,JPG,1KB,1024,0.000976562,8,0.0376999,0.0268,25.9036,36.4389,95.1775,98.0095,18.7494,37.4999,0.00151634,0.00145817,35.5273,PASS
AES-256,256,JPG,1KB,1024,0.000976562,9,0.0497,0.0302,19.6491,32.3365,97.6886,97.6781,49.9993,56.2485,0.00151634,0.00145817,35.5273,PASS
AES-128,128,JPG,1KB,1024,0.000976562,9,0.0653,0.0545001,14.955,17.9186,92.0209,96.3165,12.4998,6.24995,0.00151634,0.00145817,35.5273,PASS
AES-192,192,JPG,1KB,1024,0.000976562,9,0.0463,0.0372999,21.0921,26.1813,95.9352,95.1454,37.4987,18.7498,0.00151634,0.00145817,35.5273,PASS
AES-128,128,JPG,1KB,1024,0.000976562,10,0.0536001,0.0383001,18.2194,25.4977,96.6551,94.3793,49.999,49.9995,0.00151634,0.00145817,35.5273,PASS
AES-192,192,JPG,1KB,1024,0.000976562,10,0.0464,0.0304,21.0466,32.1238,95.4758,95.1475,31.2494,24.9935,0.00151634,0.00145817,35.5273,PASS
AES-256,256,JPG,1KB,1024,0.000976562,10,0.0530999,0.0314,18.391,31.1007,94.2366,97.2311,18.7497,87.4782,0.00151634,0.00145817,35.5273,PASS
AES-128,128,JPG,100KB,102400,0.0976562,1,0.0840999,0.0774,1161.19,1261.71,95.9508,96.1506,68.7452,56.2489,0.098196,0.0981379,34.375,PASS
AES-192,192,JPG,100KB,102400,0.0976562,1,0.1073,0.1322,910.123,738.7,93.1609,94.8835,24.9961,12.4984,0.098196,0.0981379,34.375,PASS
AES-256,256,JPG,100KB,102400,0.0976562,1,0.1026,0.1431,951.816,682.434,92.5652,94.8028,18.7475,12.4993,0.098196,0.0981379,33.9727,PASS
AES-192,192,JPG,100KB,102400,0.0976562,2,0.1169,0.0952,835.383,1025.8,94.4429,95.0126,24.9973,62.4982,0.098196,0.0981379,34.375,PASS
AES-256,256,JPG,100KB,102400,0.0976562,2,0.1146,0.1495,852.149,653.219,98.2042,87.3456,68.743,43.7446,0.098196,0.0981379,34.375,PASS
AES-128,128,JPG,100KB,102400,0.0976562,2,0.1009,0.124,967.851,787.55,97.7626,95.5873,62.492,37.4998,0.098196,0.0981379,34.375,PASS
AES-256,256,JPG,100KB,102400,0.0976562,3,0.1177,0.133,829.705,734.258,97.4133,97.0526,43.748,68.7443,0.098196,0.0981379,34.375,PASS
AES-128,128,JPG,100KB,102400,0.0976562,3,0.0861,0.1347,1134.22,724.991,95.5635,94.0031,56.2451,49.9959,0.098196,0.0981379,34.375,PASS
AES-192,192,JPG,100KB,102400,0.0976562,3,0.0568,0.1394,1719.3,700.548,96.6902,98.0509,49.9952,74.9913,0.098196,0.0981379,34.375,PASS
AES-128,128,JPG,100KB,102400,0.0976562,4,0.0928,0.1373,1052.33,711.262,98.5436,96.5332,74.9952,62.4996,0.098196,0.0981379,34.375,PASS
AES-192,192,JPG,100KB,102400,0.0976562,4,0.1016,0.1604,961.184,608.83,98.5535,98.1785,81.243,74.9962,0.098196,0.0981379,34.375,PASS
AES-256,256,JPG,100KB,102400,0.0976562,4,0.0893,0.1597,1093.58,611.498,97.5078,98.1105,43.7426,43.7479,0.098196,0.0981379,34.375,PASS
AES-192,192,JPG,100KB,102400,0.0976562,5,0.0949,0.1381,1029.04,707.142,95.6416,96.7782,37.4957,31.248,0.098196,0.0981379,34.375,PASS
AES-256,256,JPG,100KB,102400,0.0976562,5,0.0907,0.1394,1076.7,700.548,97.7436,96.2811,31.2456,24.9988,0.098196,0.0981379,34.375,PASS
AES-128,128,JPG,100KB,102400,0.0976562,5,0.0977,0.14,999.552,697.545,96.6356,97.4419,62.4927,74.9946,0.098196,0.0981379,34.375,PASS
AES-256,256,JPG,100KB,102400,0.0976562,6,0.0902001,0.1401,1082.66,697.047,99.647,98.6184,106.249,62.4947,0.098196,0.0981379,34.375,PASS
AES-128,128,JPG,100KB,102400,0.0976562,6,0.0918,0.1376,1063.79,709.711,98.1859,89.4801,81.2491,31.2459,0.098196,0.0981379,34.375,PASS
AES-192,192,JPG,100KB,102400,0.0976562,6,0.2858,0.1498,341.694,651.911,96.757,95.6514,43.7439,31.2499,0.098196,0.0981379,34.375,PASS
AES-128,128,JPG,100KB,102400,0.0976562,7,0.0965,0.1344,1011.98,726.609,95.1051,98.1426,37.4947,87.4962,0.098196,0.0981379,34.375,PASS
AES-192,192,JPG,100KB,102400,0.0976562,7,0.1081,0.1479,903.388,660.286,97.6095,97.1436,81.2487,49.9941,0.098196,0.0981379,34.375,PASS
AES-256,256,JPG,100KB,102400,0.0976562,7,0.1041,0.1467,938.101,665.686,95.8712,97.0188,56.2414,37.4945,0.098196,0.0981379,34.375,PASS
AES-192,192,JPG,100KB,102400,0.0976562,8,0.0892,0.1276,1094.8,765.332,96.9017,92.3374,49.9921,31.2472,0.098196,0.0981379,34.375,PASS
AES-256,256,JPG,100KB,102400,0.0976562,8,0.1,0.1423,976.562,686.271,95.6144,96.5549,24.9986,37.4969,0.098196,0.0981379,34.375,PASS
AES-128,128,JPG,100KB,102400,0.0976562,8,0.0886,0.126,1102.22,775.049,96.7796,95.5942,18.7491,37.4941,0.098196,0.0981379,34.375,PASS
AES-256,256,JPG,100KB,102400,0.0976562,9,0.1024,0.143,953.675,682.911,94.7185,96.6176,56.1561,56.2474,0.098196,0.0981379,34.2617,PASS
AES-128,128,JPG,100KB,102400,0.0976562,9,0.1032,0.1435,946.282,680.531,97.3075,97.0535,37.4979,43.7485,0.098196,0.0981379,34.2617,PASS
AES-192,192,JPG,100KB,102400,0.0976562,9,0.0985001,0.1315,991.433,742.633,94.5934,97.5359,37.4948,56.2465,0.098196,0.0981379,34.2617,PASS
AES-128,128,JPG,100KB,102400,0.0976562,10,0.0894001,0.1379,1092.35,708.167,98.0943,95.7427,74.992,37.4983,0.098196,0.0981379,34.2617,PASS
AES-192,192,JPG,100KB,102400,0.0976562,10,0.0707001,0.1398,1381.28,698.542,96.224,90.5988,56.2415,56.2425,0.098196,0.0981379,34.2617,PASS
AES-256,256,JPG,100KB,102400,0.0976562,10,0.0804,0.1601,1214.63,609.97,96.5803,96.949,37.4942,12.4991,0.098196,0.0981379,34.2617,PASS
AES-128,128,JPG,1MB,1048576,1,1,0.6385,0.6679,1566.17,1497.23,98.2645,98.3874,81.1839,74.7835,1.00054,1.00048,35.6445,PASS
AES-192,192,JPG,1MB,1048576,1,1,0.7467,0.7339,1339.23,1362.58,97.8052,98.9957,68.7308,87.2275,1.00054,1.00048,35.6445,PASS
AES-256,256,JPG,1MB,1048576,1,1,0.7039,0.7175,1420.66,1393.73,97.8349,98.948,74.9273,93.4688,1.00054,1.00048,35.6445,PASS
AES-192,192,JPG,1MB,1048576,1,2,0.6639,0.6823,1506.25,1465.63,98.2716,97.6094,74.8771,81.1801,1.00054,1.00048,35.6445,PASS
AES-256,256,JPG,1MB,1048576,1,2,0.6698,0.718,1492.98,1392.76,96.6649,99.5548,56.2229,99.7996,1.00054,1.00048,35.6445,PASS
AES-128,128,JPG,1MB,1048576,1,2,0.6479,0.659,1543.45,1517.45,97.6008,98.588,74.8244,93.5818,1.00054,1.00048,35.6445,PASS
AES-256,256,JPG,1MB,1048576,1,3,0.6697,0.6648,1493.21,1504.21,97.4421,97.7592,68.6799,74.6919,1.00054,1.00048,35.6445,PASS
AES-128,128,JPG,1MB,1048576,1,3,0.8626,0.6838,1159.29,1462.42,98.4053,99.1909,99.8117,87.4656,1.00054,1.00048,35.6445,PASS
AES-192,192,JPG,1MB,1048576,1,3,0.6909,0.7133,1447.39,1401.93,97.6533,91.2753,68.5694,68.6636,1.00054,1.00048,35.6445,PASS
AES-128,128,JPG,1MB,1048576,1,4,0.6298,0.6857,1587.81,1458.36,97.8786,97.4948,81.1026,74.9885,1.00054,1.00048,35.6445,PASS
AES-192,192,JPG,1MB,1048576,1,4,0.6685,0.688,1495.89,1453.49,98.4404,97.2354,68.6692,74.7873,1.00054,1.00048,35.6445,PASS
AES-256,256,JPG,1MB,1048576,1,4,0.8276,0.7452,1208.31,1341.92,97.7495,98.319,74.9708,74.7636,1.00054,1.00048,35.6445,PASS
AES-192,192,JPG,1MB,1048576,1,5,0.7066,0.8132,1415.23,1229.71,97.7412,98.7325,99.8799,68.716,1.00054,1.00048,35.6445,PASS
AES-256,256,JPG,1MB,1048576,1,5,0.7306,0.7574,1368.74,1320.31,95.5453,97.1334,43.6728,93.7173,1.00054,1.00048,35.6445,PASS
AES-128,128,JPG,1MB,1048576,1,5,0.6536,0.6519,1529.99,1533.98,99.1282,98.9738,93.4451,87.4051,1.00054,1.00048,35.6445,PASS
AES-256,256,JPG,1MB,1048576,1,6,0.7357,0.7135,1359.25,1401.54,98.8875,97.4725,99.6688,74.8565,1.00054,1.00048,35.6445,PASS
AES-128,128,JPG,1MB,1048576,1,6,1.2487,0.6618,800.833,1511.03,98.6864,98.0618,93.5371,74.8785,1.00054,1.00048,35.6445,PASS
AES-192,192,JPG,1MB,1048576,1,6,0.6784,1.691,1474.06,591.366,97.2393,98.7691,62.3067,81.1575,1.00054,1.00048,35.6445,PASS
AES-128,128,JPG,1MB,1048576,1,7,0.6922,0.7051,1444.67,1418.24,97.8968,98.1376,81.0538,81.0318,1.00054,1.00048,35.6445,PASS
AES-192,192,JPG,1MB,1048576,1,7,0.7036,0.688,1421.26,1453.49,99.0471,99.1191,93.4329,105.98,1.00054,1.00048,35.6445,PASS
AES-256,256,JPG,1MB,1048576,1,7,0.6617,0.7112,1511.26,1406.07,97.2346,98.1919,80.9788,81.1009,1.00054,1.00048,35.6445,PASS
AES-192,192,JPG,1MB,1048576,1,8,0.63,0.6573,1587.3,1521.38,98.9282,97.7149,93.5353,87.4604,1.00054,1.00048,35.6445,PASS
AES-256,256,JPG,1MB,1048576,1,8,0.6648,0.7209,1504.21,1387.15,98.8408,98.3393,87.2943,87.3967,1.00054,1.00048,35.6445,PASS
AES-128,128,JPG,1MB,1048576,1,8,0.6696,0.7005,1493.43,1427.55,95.6201,99.1131,74.7622,99.923,1.00054,1.00048,35.6445,PASS
AES-256,256,JPG,1MB,1048576,1,9,0.6981,0.6731,1432.46,1485.66,99.2116,99.0246,93.4901,87.3944,1.00054,1.00048,35.6445,PASS
AES-128,128,JPG,1MB,1048576,1,9,0.6508,0.6379,1536.57,1567.64,98.0573,97.2436,87.3441,62.3684,1.00054,1.00048,35.6445,PASS
AES-192,192,JPG,1MB,1048576,1,9,0.689,0.7346,1451.38,1361.29,99.0823,99.0752,99.91,81.2448,1.00054,1.00048,35.6445,PASS
AES-128,128,JPG,1MB,1048576,1,10,0.6848,0.6767,1460.28,1477.76,99.0008,97.2601,87.327,74.9459,1.00054,1.00048,35.6445,PASS
AES-192,192,JPG,1MB,1048576,1,10,0.6712,0.7388,1489.87,1353.55,98.3179,98.3521,81.1996,74.7772,1.00054,1.00048,35.6445,PASS
AES-256,256,JPG,1MB,1048576,1,10,0.7224,0.856,1384.27,1168.22,98.647,98.3863,93.6922,93.4781,1.00054,1.00048,35.6445,PASS
AES-128,128,JPG,5MB,5242880,5,1,2.8954,3.0689,1726.88,1629.25,98.6807,96.2526,86.7912,87.2345,5.00054,5.00048,43.6445,PASS
AES-192,192,JPG,5MB,5242880,5,1,3.1838,3.1358,1570.45,1594.49,98.9097,97.568,99.9962,86.9537,5.00054,5.00048,43.6445,PASS
AES-256,256,JPG,5MB,5242880,5,1,3.3478,3.5177,1493.52,1421.38,98.684,97.027,93.1273,80.5136,5.00054,5.00048,43.6445,PASS
AES-192,192,JPG,5MB,5242880,5,2,3.8212,3.0784,1308.49,1624.22,96.8731,95.6786,81.098,49.3385,5.00054,5.00048,43.6445,PASS
AES-256,256,JPG,5MB,5242880,5,2,3.1672,3.145,1578.68,1589.83,97.6932,95.3949,61.6247,80.8786,5.00054,5.00048,43.6445,PASS
AES-128,128,JPG,5MB,5242880,5,2,2.9319,3.0772,1705.38,1624.85,98.6909,97.4691,74.7019,104.975,5.00054,5.00048,43.6445,PASS
AES-256,256,JPG,5MB,5242880,5,3,2.8966,3.3878,1726.16,1475.88,97.8635,98.3583,68.3654,80.8478,5.00054,5.00048,43.6445,PASS
AES-128,128,JPG,5MB,5242880,5,3,3.0104,3.6424,1660.91,1372.72,96.8201,98.1937,86.6613,80.8884,5.00054,5.00048,43.6445,PASS
AES-192,192,JPG,5MB,5242880,5,3,2.9751,3.0917,1680.62,1617.23,98.391,98.2614,99.3604,86.4523,5.00054,5.00048,43.6445,PASS
AES-128,128,JPG,5MB,5242880,5,4,3.1484,2.9465,1588.11,1696.93,98.1371,97.7377,86.5979,87.4525,5.00054,5.00048,43.6445,PASS
AES-192,192,JPG,5MB,5242880,5,4,3.0234,5.3596,1653.77,932.905,97.464,98.1544,92.4743,80.6606,5.00054,5.00048,43.6445,PASS
AES-256,256,JPG,5MB,5242880,5,4,3.1516,3.1331,1586.5,1595.86,98.2539,97.0313,92.773,62.0313,5.00054,5.00048,43.6445,PASS
AES-192,192,JPG,5MB,5242880,5,5,3.1538,3.1329,1585.39,1595.97,95.5573,99.1597,67.9691,99.9662,5.00054,5.00048,43.6445,PASS
AES-256,256,JPG,5MB,5242880,5,5,3.2003,3.0882,1562.35,1619.07,99.2961,98.7889,92.9218,86.9151,5.00054,5.00048,43.6445,PASS
AES-128,128,JPG,5MB,5242880,5,5,2.8828,2.9956,1734.42,1669.11,97.6424,98.7485,93.5438,86.4542,5.00054,5.00048,43.6445,PASS
AES-256,256,JPG,5MB,5242880,5,6,3.0453,3.0564,1641.87,1635.91,98.6624,96.9532,80.5077,80.5826,5.00054,5.00048,43.6445,PASS
AES-128,128,JPG,5MB,5242880,5,6,2.8627,2.9257,1746.6,1708.99,96.459,96.9403,68.6418,99.6307,5.00054,5.00048,43.6445,PASS
AES-192,192,JPG,5MB,5242880,5,6,3.1876,3.1095,1568.58,1607.98,95.8495,99.0082,81.2,87.0992,5.00054,5.00048,43.6445,PASS
AES-128,128,JPG,5MB,5242880,5,7,2.9425,2.9611,1699.24,1688.56,97.8847,97.3488,87.2822,62.302,5.00054,5.00048,43.6445,PASS
AES-192,192,JPG,5MB,5242880,5,7,3.1196,3.1588,1602.77,1582.88,98.5449,97.7397,87.3584,62.4516,5.00054,5.00048,43.6445,PASS
AES-256,256,JPG,5MB,5242880,5,7,4.3017,3.2146,1162.33,1555.4,98.7695,96.4526,93.1546,74.2012,5.00054,5.00048,43.6445,PASS
AES-192,192,JPG,5MB,5242880,5,8,2.9914,3.1642,1671.46,1580.18,96.4703,96.5053,68.115,61.8072,5.00054,5.00048,43.6445,PASS
AES-256,256,JPG,5MB,5242880,5,8,3.1852,3.166,1569.76,1579.28,97.6874,97.2999,92.9633,80.6246,5.00054,5.00048,43.6445,PASS
AES-128,128,JPG,5MB,5242880,5,8,2.9663,2.9503,1685.6,1694.74,99.0845,97.8196,92.7597,74.1641,5.00054,5.00048,43.6445,PASS
AES-256,256,JPG,5MB,5242880,5,9,3.6515,3.2211,1369.3,1552.26,98.8263,98.917,80.2256,93.5151,5.00054,5.00048,43.6445,PASS
AES-128,128,JPG,5MB,5242880,5,9,2.7241,2.8277,1835.47,1768.22,99.1331,98.2727,99.8745,99.354,5.00054,5.00048,43.6445,PASS
AES-192,192,JPG,5MB,5242880,5,9,3.0018,3.2753,1665.67,1526.58,97.6629,96.1565,93.107,80.6093,5.00054,5.00048,43.6445,PASS
AES-128,128,JPG,5MB,5242880,5,10,2.8204,3.1097,1772.8,1607.87,97.0097,95.6477,92.6552,74.7098,5.00054,5.00048,43.6445,PASS
AES-192,192,JPG,5MB,5242880,5,10,2.9287,2.968,1707.24,1684.64,98.852,97.221,93.3243,80.0699,5.00054,5.00048,43.6445,PASS
AES-256,256,JPG,5MB,5242880,5,10,3.5478,3.4753,1409.32,1438.72,97.0927,98.8344,43.5561,80.1937,5.00054,5.00048,43.6445,PASS
AES-128,128,JPG,10MB,10485760,10,1,6.6443,5.6588,1505.05,1767.16,97.8165,98.1118,61.0245,67.9704,10.0005,10.0005,53.6445,PASS
AES-192,192,JPG,10MB,10485760,10,1,5.8784,5.9648,1701.14,1676.5,96.0987,98.424,43.162,80.9448,10.0005,10.0005,53.6445,PASS
AES-256,256,JPG,10MB,10485760,10,1,5.2498,6.6401,1904.83,1506,97.5455,98.8879,86.897,85.4241,10.0005,10.0005,53.6445,PASS
AES-192,192,JPG,10MB,10485760,10,2,5.9035,6.0059,1693.91,1665.03,97.0977,97.3879,86.813,43.3235,10.0005,10.0005,53.6445,PASS
AES-256,256,JPG,10MB,10485760,10,2,6.1759,6.5225,1619.2,1533.15,97.7563,94.9491,80.8755,43.5803,10.0005,10.0005,53.6445,PASS
AES-128,128,JPG,10MB,10485760,10,2,6.0307,6.0947,1658.18,1640.77,97.6963,98.2843,55.8823,92.6882,10.0005,10.0005,53.6445,PASS
AES-256,256,JPG,10MB,10485760,10,3,6.0271,6.1201,1659.17,1633.96,97.0339,96.6245,24.7514,37.3047,10.0005,10.0005,53.6445,PASS
AES-128,128,JPG,10MB,10485760,10,3,5.6391,5.7616,1773.33,1735.63,98.6842,97.6887,86.1749,49.2023,10.0005,10.0005,53.6445,PASS
AES-192,192,JPG,10MB,10485760,10,3,7.0636,5.8093,1415.71,1721.38,98.6936,96.8558,87.4611,74.5997,10.0005,10.0005,53.6445,PASS
AES-128,128,JPG,10MB,10485760,10,4,5.7473,5.4897,1739.95,1821.59,98.396,97.546,79.561,85.6851,10.0005,10.0005,53.6445,PASS
AES-192,192,JPG,10MB,10485760,10,4,6.0356,9.8189,1656.84,1018.44,97.7591,99.0111,81.1337,91.8713,10.0005,10.0005,53.6445,PASS
AES-256,256,JPG,10MB,10485760,10,4,6.5663,6.242,1522.93,1602.05,97.3671,97.2173,85.1477,55.341,10.0005,10.0005,53.6445,PASS
AES-192,192,JPG,10MB,10485760,10,5,6.2125,6.2391,1609.66,1602.8,92.3318,98.0918,73.4177,86.171,10.0005,10.0005,53.6445,PASS
AES-256,256,JPG,10MB,10485760,10,5,6.2924,6.213,1589.22,1609.53,99.2414,98.6635,92.8504,87.1358,10.0005,10.0005,53.6445,PASS
AES-128,128,JPG,10MB,10485760,10,5,6.4077,5.6012,1560.62,1785.33,98.7495,91.9253,81.0019,61.2776,10.0005,10.0005,53.6445,PASS
AES-256,256,JPG,10MB,10485760,10,6,6.1004,5.9964,1639.24,1667.67,98.0532,98.6069,67.2782,91.718,10.0005,10.0005,53.6445,PASS
AES-128,128,JPG,10MB,10485760,10,6,5.5573,5.5053,1799.43,1816.43,98.7947,95.1187,73.5217,68.6579,10.0005,10.0005,53.6445,PASS
AES-192,192,JPG,10MB,10485760,10,6,5.8133,5.8397,1720.19,1712.42,97.8348,98.3944,49.199,79.7189,10.0005,10.0005,53.6445,PASS
AES-128,128,JPG,10MB,10485760,10,7,5.4241,5.8323,1843.62,1714.59,98.2926,98.0351,73.2429,80.6547,10.0005,10.0005,53.6445,PASS
AES-192,192,JPG,10MB,10485760,10,7,6.6257,7.0768,1509.27,1413.07,97.3381,99.288,68.1771,91.8244,10.0005,10.0005,53.6445,PASS
AES-256,256,JPG,10MB,10485760,10,7,6.1227,6.0191,1633.27,1661.38,97.2972,97.7979,49.8868,72.7691,10.0005,10.0005,53.6445,PASS
AES-192,192,JPG,10MB,10485760,10,8,6.1988,6.0331,1613.22,1657.52,97.9195,98.255,67.4675,81.224,10.0005,10.0005,53.6445,PASS
AES-256,256,JPG,10MB,10485760,10,8,6.7411,6.0167,1483.44,1662.04,97.7838,98.8949,86.334,86.7982,10.0005,10.0005,53.6445,PASS
AES-128,128,JPG,10MB,10485760,10,8,5.7383,5.9274,1742.68,1687.08,97.9729,98.8843,87.3782,92.5199,10.0005,10.0005,53.6445,PASS
AES-256,256,JPG,10MB,10485760,10,9,6.2244,6.3083,1606.58,1585.21,98.2458,98.4834,81.026,85.4286,10.0005,10.0005,53.6445,PASS
AES-128,128,JPG,10MB,10485760,10,9,5.725,5.9055,1746.72,1693.34,96.1218,99.2966,73.1336,85.5182,10.0005,10.0005,53.6445,PASS
AES-192,192,JPG,10MB,10485760,10,9,5.9505,5.8684,1680.53,1704.04,94.5585,99.0201,74.4836,85.5828,10.0005,10.0005,53.6445,PASS
AES-128,128,JPG,10MB,10485760,10,10,5.6569,5.9387,1767.75,1683.87,97.7879,98.5275,68.5866,80.0876,10.0005,10.0005,53.6445,PASS
AES-192,192,JPG,10MB,10485760,10,10,6.101,6.1537,1639.08,1625.04,93.6017,98.9902,49.5633,85.6661,10.0005,10.0005,53.6445,PASS
AES-256,256,JPG,10MB,10485760,10,10,6.2098,6.2351,1610.36,1603.82,97.7804,98.4835,80.5828,80.9262,10.0005,10.0005,53.6445,PASS
AES-128,128,JPG,50MB,52428800,50,1,32.1802,29.7606,1553.75,1680.07,98.5857,97.9436,81.1903,85.0995,50.0005,50.0005,133.645,PASS
AES-192,192,JPG,50MB,52428800,50,1,31.7978,30.2865,1572.44,1650.9,96.9293,93.3921,81.2359,47.9222,50.0005,50.0005,133.645,PASS
AES-256,256,JPG,50MB,52428800,50,1,31.2152,34.4679,1601.78,1450.63,97.9046,97.7236,62.253,55.1067,50.0005,50.0005,133.645,PASS
AES-192,192,JPG,50MB,52428800,50,2,30.1923,32.3619,1656.05,1545.03,97.573,97.4568,78.5206,56.5998,50.0005,50.0005,133.645,PASS
AES-256,256,JPG,50MB,52428800,50,2,30.4071,31.3697,1644.35,1593.89,97.9282,99.0144,81.5696,66.5914,50.0005,50.0005,133.645,PASS
AES-128,128,JPG,50MB,52428800,50,2,29.1843,27.7973,1713.25,1798.74,97.7693,98.8534,59.4239,73.0093,50.0005,50.0005,133.645,PASS
AES-256,256,JPG,50MB,52428800,50,3,30.8408,30.0788,1621.23,1662.3,96.4246,96.1272,59.8134,28.842,50.0005,50.0005,133.645,PASS
AES-128,128,JPG,50MB,52428800,50,3,28.6481,29.2144,1745.32,1711.48,97.8597,94.4539,70.125,54.9836,50.0005,50.0005,133.645,PASS
AES-192,192,JPG,50MB,52428800,50,3,29.0861,31.4436,1719.03,1590.15,94.7911,94.9898,37.2801,39.2592,50.0005,50.0005,133.645,PASS
AES-128,128,JPG,50MB,52428800,50,4,30.2456,30.3251,1653.13,1648.8,96.0302,96.9631,48.801,65.2736,50.0005,50.0005,133.645,PASS
AES-192,192,JPG,50MB,52428800,50,4,29.9989,31.745,1666.73,1575.05,96.4668,97.9157,29.8635,62.3272,50.0005,50.0005,133.645,PASS
AES-256,256,JPG,50MB,52428800,50,4,29.9981,31.9988,1666.77,1562.56,95.1439,95.3298,42.9113,42.7825,50.0005,50.0005,133.645,PASS
AES-192,192,JPG,50MB,52428800,50,5,31.875,33.37,1568.63,1498.35,97.6255,98.0864,50.1295,72.9814,50.0005,50.0005,133.645,PASS
AES-256,256,JPG,50MB,52428800,50,5,30.098,31.3489,1661.24,1594.95,98.4289,97.4485,66.0379,66.4275,50.0005,50.0005,133.645,PASS
AES-128,128,JPG,50MB,52428800,50,5,27.7157,31.4566,1804.03,1589.49,95.4494,97.3969,55.0586,66.3985,50.0005,50.0005,133.625,PASS
AES-256,256,JPG,50MB,52428800,50,6,30.64,35.8423,1631.85,1395,92.2662,94.4675,65.748,71.2638,50.0005,50.0005,133.625,PASS
AES-128,128,JPG,50MB,52428800,50,6,27.0531,31.1194,1848.22,1606.71,96.6202,98.2909,72.5735,79.0093,50.0005,50.0005,133.625,PASS
AES-192,192,JPG,50MB,52428800,50,6,30.1636,41.4833,1657.63,1205.3,98.0442,97.7074,67.4283,68.6784,50.0005,50.0005,133.625,PASS
AES-128,128,JPG,50MB,52428800,50,7,29.6103,31.9092,1688.6,1566.95,96.0037,97.602,46.4075,47.4325,50.0005,50.0005,133.625,PASS
AES-192,192,JPG,50MB,52428800,50,7,30.653,31.4906,1631.16,1587.78,98.181,97.6,79.8424,77.3155,50.0005,50.0005,133.625,PASS
AES-256,256,JPG,50MB,52428800,50,7,30.9128,33.394,1617.45,1497.27,97.7671,97.1053,74.5556,70.9986,50.0005,50.0005,133.625,PASS
AES-192,192,JPG,50MB,52428800,50,8,31.3463,30.794,1595.08,1623.69,97.0679,97.8845,71.8442,82.893,50.0005,50.0005,133.625,PASS
AES-256,256,JPG,50MB,52428800,50,8,31.685,31.8141,1578.03,1571.63,95.669,97.0585,65.1589,43.0067,50.0005,50.0005,133.625,PASS
AES-128,128,JPG,50MB,52428800,50,8,29.9873,31.6385,1667.37,1580.35,95.8224,96.4427,74.0316,72.1796,50.0005,50.0005,133.625,PASS
AES-256,256,JPG,50MB,52428800,50,9,28.9077,30.9971,1729.64,1613.05,98.0016,96.8124,82.5008,48.3771,50.0005,50.0005,133.625,PASS
AES-128,128,JPG,50MB,52428800,50,9,31.0252,33.2053,1611.59,1505.78,96.7973,96.7195,74.2043,66.8683,50.0005,50.0005,133.625,PASS
AES-192,192,JPG,50MB,52428800,50,9,31.1536,36.5669,1604.95,1367.36,96.8892,97.2295,55.8639,75.2828,50.0005,50.0005,133.625,PASS
AES-128,128,JPG,50MB,52428800,50,10,28.3766,31.1483,1762.02,1605.22,97.9218,98.1883,74.2113,91.4204,50.0005,50.0005,133.625,PASS
AES-192,192,JPG,50MB,52428800,50,10,40.8149,52.8986,1225.04,945.205,98.6019,97.2967,81.187,51.0958,50.0005,50.0005,133.625,PASS
AES-256,256,JPG,50MB,52428800,50,10,29.2589,33.4496,1708.88,1494.79,97.3955,97.7769,56.5844,71.7673,50.0005,50.0005,133.625,PASS
