key_bits,operation,trial,time_ms,cpu_pct,peak_mem_mb
2048,keygen,1,30.1539,98.6,2.3e-05
2048,keygen,2,22.5389,98.1,2.3e-05
2048,keygen,3,31.3228,102.0,2.3e-05
2048,keygen,4,17.8965,98.4,2.3e-05
2048,keygen,5,28.8232,100.8,2.3e-05
2048,keygen,6,17.7723,101.3,2.3e-05
2048,keygen,7,41.7718,99.7,2.3e-05
2048,keygen,8,75.1058,101.7,2.3e-05
2048,keygen,9,11.0072,99.9,2.3e-05
2048,keygen,10,16.5593,97.3,2.3e-05
2048,encrypt,1,0.0267,96.0,0.00055
2048,encrypt,2,0.0241,99.9,0.00055
2048,encrypt,3,0.0234,100.0,0.00055
2048,encrypt,4,0.0233,99.9,0.00055
2048,encrypt,5,0.029,99.9,0.00055
2048,encrypt,6,0.0258,99.9,0.00055
2048,encrypt,7,0.0234,100.0,0.00055
2048,encrypt,8,0.0234,99.9,0.00055
2048,encrypt,9,0.0233,100.0,0.00055
2048,encrypt,10,0.0235,99.9,0.00055
2048,decrypt,1,0.3314,95.9,0.000374
2048,decrypt,2,0.311,99.9,0.000374
2048,decrypt,3,0.3052,99.9,0.000374
2048,decrypt,4,0.3202,99.9,0.000374
2048,decrypt,5,0.3155,95.8,0.000374
2048,decrypt,6,0.3072,103.8,0.000374
2048,decrypt,7,0.3185,99.8,0.000374
2048,decrypt,8,0.3129,99.9,0.000374
2048,decrypt,9,0.329,99.8,0.000374
2048,decrypt,10,0.3259,99.9,0.000374
2048,sign,1,0.327,99.8,0.000654
2048,sign,2,0.3166,99.8,0.000654
2048,sign,3,0.3129,99.9,0.000654
2048,sign,4,0.3081,99.8,0.000654
2048,sign,5,0.3315,99.9,0.000654
2048,sign,6,0.3515,103.8,0.000654
2048,sign,7,0.3731,99.8,0.000654
2048,sign,8,0.367,99.9,0.000654
2048,sign,9,0.3571,99.9,0.000654
2048,sign,10,0.6653,99.8,0.000654
2048,verify,1,0.0343,99.9,0.00044
2048,verify,2,0.0317,99.9,0.00044
2048,verify,3,0.0311,99.9,0.00044
2048,verify,4,0.0296,99.9,0.00044
2048,verify,5,0.0312,100.0,0.00044
2048,verify,6,0.031,99.9,0.00044
2048,verify,7,0.0307,99.9,0.00044
2048,verify,8,0.0309,99.9,0.00044
2048,verify,9,0.0309,99.9,0.00044
2048,verify,10,0.0604,99.9,0.00044
3072,keygen,1,44.5039,100.8,2.3e-05
3072,keygen,2,158.7236,100.3,2.3e-05
3072,keygen,3,213.1575,99.7,2.3e-05
3072,keygen,4,66.877,100.2,2.3e-05
3072,keygen,5,66.5955,100.2,2.3e-05
3072,keygen,6,56.3708,97.8,2.3e-05
3072,keygen,7,140.7835,101.4,2.3e-05
3072,keygen,8,258.1286,98.8,2.3e-05
3072,keygen,9,295.7884,99.5,2.3e-05
3072,keygen,10,24.5974,102.9,2.3e-05
3072,encrypt,1,0.0457,99.9,0.000672
3072,encrypt,2,0.0444,96.0,0.000672
3072,encrypt,3,0.0441,99.9,0.000672
3072,encrypt,4,0.0439,100.0,0.000672
3072,encrypt,5,0.0603,99.9,0.000672
3072,encrypt,6,0.0475,100.0,0.000672
3072,encrypt,7,0.0437,100.0,0.000672
3072,encrypt,8,0.0431,100.0,0.000672
3072,encrypt,9,0.043,104.0,0.000672
3072,encrypt,10,0.043,100.0,0.000672
3072,decrypt,1,0.831,99.7,0.000374
3072,decrypt,2,0.8609,99.7,0.000374
3072,decrypt,3,0.8491,99.8,0.000374
3072,decrypt,4,0.924,99.7,0.000374
3072,decrypt,5,0.878,99.8,0.000374
3072,decrypt,6,0.841,99.6,0.000374
3072,decrypt,7,0.924,99.8,0.000374
3072,decrypt,8,0.8984,99.9,0.000374
3072,decrypt,9,0.8368,99.7,0.000374
3072,decrypt,10,0.8221,100.0,0.000374
3072,sign,1,0.8456,99.8,0.000776
3072,sign,2,0.8362,99.9,0.000776
3072,sign,3,0.8328,99.8,0.000776
3072,sign,4,0.8347,99.7,0.000776
3072,sign,5,0.8421,99.7,0.000776
3072,sign,6,0.8561,99.8,0.000776
3072,sign,7,0.8293,99.8,0.000776
3072,sign,8,0.8239,99.9,0.000776
3072,sign,9,0.8388,99.8,0.000776
3072,sign,10,0.8376,99.8,0.000776
3072,verify,1,0.0498,99.9,0.00044
3072,verify,2,0.0487,100.0,0.00044
3072,verify,3,0.0484,99.9,0.00044
3072,verify,4,0.0482,99.9,0.00044
3072,verify,5,0.0481,99.9,0.00044
3072,verify,6,0.0483,99.9,0.00044
3072,verify,7,0.0481,99.9,0.00044
3072,verify,8,0.0482,100.0,0.00044
3072,verify,9,0.0491,100.0,0.00044
3072,verify,10,0.0594,99.9,0.00044
4096,keygen,1,493.2381,100.8,2.3e-05
4096,keygen,2,170.5143,99.5,2.3e-05
4096,keygen,3,735.8352,98.9,2.3e-05
4096,keygen,4,1085.093,100.5,2.3e-05
4096,keygen,5,169.4188,99.3,2.3e-05
4096,keygen,6,650.5134,100.2,2.3e-05
4096,keygen,7,359.3648,100.2,2.3e-05
4096,keygen,8,244.9424,100.1,2.3e-05
4096,keygen,9,365.4473,97.5,2.3e-05
4096,keygen,10,329.0492,100.2,2.3e-05
4096,encrypt,1,0.0828,100.0,0.000794
4096,encrypt,2,0.076,99.9,0.000794
4096,encrypt,3,0.0711,103.9,0.000794
4096,encrypt,4,0.0708,100.0,0.000794
4096,encrypt,5,0.0705,100.0,0.000794
4096,encrypt,6,0.0704,99.9,0.000794
4096,encrypt,7,0.0704,100.0,0.000794
4096,encrypt,8,0.0705,99.9,0.000794
4096,encrypt,9,0.0701,100.0,0.000794
4096,encrypt,10,0.0838,99.9,0.000794
4096,decrypt,1,2.0271,99.8,0.000374
4096,decrypt,2,1.9377,99.9,0.000374
4096,decrypt,3,1.9484,99.8,0.000374
4096,decrypt,4,1.9344,99.4,0.000374
4096,decrypt,5,1.9875,99.9,0.000374
4096,decrypt,6,1.9521,99.8,0.000374
4096,decrypt,7,1.9379,99.4,0.000374
4096,decrypt,8,1.9639,99.2,0.000374
4096,decrypt,9,1.9497,103.3,0.000374
4096,decrypt,10,1.9563,99.7,0.000374
4096,sign,1,1.9346,99.6,0.000898
4096,sign,2,1.9371,99.6,0.000898
4096,sign,3,2.0444,99.9,0.000898
4096,sign,4,2.0167,99.8,0.000898
4096,sign,5,1.9722,99.6,0.000898
4096,sign,6,2.9438,99.9,0.000898
4096,sign,7,1.9598,99.8,0.000898
4096,sign,8,1.9517,99.9,0.000898
4096,sign,9,1.7614,99.9,0.000898
4096,sign,10,1.7031,99.6,0.000898
4096,verify,1,0.0764,99.9,0.00044
4096,verify,2,0.0727,99.9,0.00044
4096,verify,3,0.0728,100.0,0.00044
4096,verify,4,0.0892,100.0,0.00044
4096,verify,5,0.0781,100.0,0.00044
4096,verify,6,0.0743,99.9,0.00044
4096,verify,7,0.074,99.9,0.00044
4096,verify,8,0.0722,99.9,0.00044
4096,verify,9,0.0831,99.9,0.00044
4096,verify,10,0.0783,100.0,0.00044
