dataset_id,filename,file_type,input_size,input_bytes,input_MB,trial,chunk_size_bytes,hash_time_ms,inmemory_time_ms,throughput_MBps,inmemory_throughput_MBps,cpu_pct,cpu_os_pct,peak_traced_MB,rss_MB,sha256,verified
BIN_1KB,1KB.bin,BIN,1KB,1024,0.000976562,1,65536,0.1869,0.00599993,5.22505,162.762,99.8447,68.7067,0.0729189,34.1094,8c8002aca0ffea34866013675b9e2681bec8046cfcd4709f7ad00e55525c7edd,PASS
BIN_1KB,1KB.bin,BIN,1KB,1024,0.000976562,2,65536,0.1469,0.00460004,6.6478,212.295,99.3307,31.2498,0.0729189,34.1094,8c8002aca0ffea34866013675b9e2681bec8046cfcd4709f7ad00e55525c7edd,PASS
BIN_1KB,1KB.bin,BIN,1KB,1024,0.000976562,3,65536,0.1486,0.00520004,6.57175,187.799,99.2809,18.7477,0.0729189,34.1094,8c8002aca0ffea34866013675b9e2681bec8046cfcd4709f7ad00e55525c7edd,PASS
BIN_1KB,1KB.bin,BIN,1KB,1024,0.000976562,4,65536,0.153,0.00490004,6.38276,199.297,99.9981,24.9986,0.0729189,34.1094,8c8002aca0ffea34866013675b9e2681bec8046cfcd4709f7ad00e55525c7edd,PASS
BIN_1KB,1KB.bin,BIN,1KB,1024,0.000976562,5,65536,0.1465,0.00459992,6.66595,212.3,99.7724,43.7479,0.0729189,34.1094,8c8002aca0ffea34866013675b9e2681bec8046cfcd4709f7ad00e55525c7edd,PASS
BIN_1KB,1KB.bin,BIN,1KB,1024,0.000976562,6,65536,0.1761,0.00600005,5.5455,162.759,99.8064,68.7391,0.0729189,34.1133,8c8002aca0ffea34866013675b9e2681bec8046cfcd4709f7ad00e55525c7edd,PASS
BIN_1KB,1KB.bin,BIN,1KB,1024,0.000976562,7,65536,0.1589,0.00510004,6.14577,191.481,99.4558,31.2417,0.0729189,34.1133,8c8002aca0ffea34866013675b9e2681bec8046cfcd4709f7ad00e55525c7edd,PASS
BIN_1KB,1KB.bin,BIN,1KB,1024,0.000976562,8,65536,0.1472,0.00729994,6.63425,133.777,98.8677,37.4883,0.0729189,34.1133,8c8002aca0ffea34866013675b9e2681bec8046cfcd4709f7ad00e55525c7edd,PASS
BIN_1KB,1KB.bin,BIN,1KB,1024,0.000976562,9,65536,0.1573,0.00449992,6.20828,217.018,98.7385,24.9919,0.0729189,34.1133,8c8002aca0ffea34866013675b9e2681bec8046cfcd4709f7ad00e55525c7edd,PASS
BIN_1KB,1KB.bin,BIN,1KB,1024,0.000976562,10,65536,0.1538,0.00520004,6.34956,187.799,99.5171,68.7453,0.0729189,34.1133,8c8002aca0ffea34866013675b9e2681bec8046cfcd4709f7ad00e55525c7edd,PASS
BIN_100KB,100KB.bin,BIN,100KB,102400,0.0976562,1,65536,0.2022,0.043,482.969,2271.08,99.5511,62.4906,0.134471,34.2773,4c9ec34908181cb97446cb32e5eb478889390e6abdd6097cce6536bb15a9b287,PASS
BIN_100KB,100KB.bin,BIN,100KB,102400,0.0976562,2,65536,0.2028,0.0458,481.54,2132.23,99.244,62.4922,0.134471,34.2773,4c9ec34908181cb97446cb32e5eb478889390e6abdd6097cce6536bb15a9b287,PASS
BIN_100KB,100KB.bin,BIN,100KB,102400,0.0976562,3,65536,0.1843,0.0456,529.877,2141.58,99.2055,31.2439,0.134471,34.2773,4c9ec34908181cb97446cb32e5eb478889390e6abdd6097cce6536bb15a9b287,PASS
BIN_100KB,100KB.bin,BIN,100KB,102400,0.0976562,4,65536,0.2162,0.0467,451.694,2091.14,99.7417,68.7359,0.134471,34.2773,4c9ec34908181cb97446cb32e5eb478889390e6abdd6097cce6536bb15a9b287,PASS
BIN_100KB,100KB.bin,BIN,100KB,102400,0.0976562,5,65536,0.2104,0.0429001,464.146,2276.36,99.8448,62.4828,0.134471,34.2773,4c9ec34908181cb97446cb32e5eb478889390e6abdd6097cce6536bb15a9b287,PASS
BIN_100KB,100KB.bin,BIN,100KB,102400,0.0976562,6,65536,0.1887,0.0424,517.521,2303.21,99.0523,18.7409,0.134471,34.2773,4c9ec34908181cb97446cb32e5eb478889390e6abdd6097cce6536bb15a9b287,PASS
BIN_100KB,100KB.bin,BIN,100KB,102400,0.0976562,7,65536,0.2262,0.0472,431.725,2068.99,99.5955,31.2366,0.134471,34.2773,4c9ec34908181cb97446cb32e5eb478889390e6abdd6097cce6536bb15a9b287,PASS
BIN_100KB,100KB.bin,BIN,100KB,102400,0.0976562,8,65536,0.206,0.0459,474.059,2127.59,99.5368,37.4905,0.134471,34.2812,4c9ec34908181cb97446cb32e5eb478889390e6abdd6097cce6536bb15a9b287,PASS
BIN_100KB,100KB.bin,BIN,100KB,102400,0.0976562,9,65536,0.193,0.0462,505.991,2113.77,98.8241,12.4995,0.134471,34.2812,4c9ec34908181cb97446cb32e5eb478889390e6abdd6097cce6536bb15a9b287,PASS
BIN_100KB,100KB.bin,BIN,100KB,102400,0.0976562,10,65536,0.1937,0.0525999,504.162,1856.58,99.6996,62.4907,0.134471,34.2812,4c9ec34908181cb97446cb32e5eb478889390e6abdd6097cce6536bb15a9b287,PASS
BIN_1MB,1MB.bin,BIN,1MB,1048576,1,1,65536,0.5906,0.4204,1693.19,2378.69,99.1232,18.7496,0.134469,35.2852,f668f5edf1917b701d1aae20da0e0735e1b03ab4acb2cfe417d4915a25e0c201,PASS
BIN_1MB,1MB.bin,BIN,1MB,1048576,1,2,65536,0.6642,0.4858,1505.57,2058.46,99.0906,18.7381,0.134469,35.2852,f668f5edf1917b701d1aae20da0e0735e1b03ab4acb2cfe417d4915a25e0c201,PASS
BIN_1MB,1MB.bin,BIN,1MB,1048576,1,3,65536,0.6119,0.427,1634.25,2341.92,99.5654,24.9847,0.134469,35.2852,f668f5edf1917b701d1aae20da0e0735e1b03ab4acb2cfe417d4915a25e0c201,PASS
BIN_1MB,1MB.bin,BIN,1MB,1048576,1,4,65536,0.5654,0.5216,1768.66,1917.18,99.5841,18.7121,0.134469,35.2852,f668f5edf1917b701d1aae20da0e0735e1b03ab4acb2cfe417d4915a25e0c201,PASS
BIN_1MB,1MB.bin,BIN,1MB,1048576,1,5,65536,0.666,0.4267,1501.5,2343.57,99.6091,43.689,0.134469,35.2852,f668f5edf1917b701d1aae20da0e0735e1b03ab4acb2cfe417d4915a25e0c201,PASS
BIN_1MB,1MB.bin,BIN,1MB,1048576,1,6,65536,0.6234,0.4257,1604.11,2349.07,98.988,31.1873,0.134469,35.2852,f668f5edf1917b701d1aae20da0e0735e1b03ab4acb2cfe417d4915a25e0c201,PASS
BIN_1MB,1MB.bin,BIN,1MB,1048576,1,7,65536,0.6275,0.4184,1593.63,2390.06,99.3516,0,0.134469,35.2852,f668f5edf1917b701d1aae20da0e0735e1b03ab4acb2cfe417d4915a25e0c201,PASS
BIN_1MB,1MB.bin,BIN,1MB,1048576,1,8,65536,0.6458,0.4268,1548.47,2343.02,99.4114,0,0.134469,35.2852,f668f5edf1917b701d1aae20da0e0735e1b03ab4acb2cfe417d4915a25e0c201,PASS
BIN_1MB,1MB.bin,BIN,1MB,1048576,1,9,65536,0.6226,0.4626,1606.17,2161.69,99.4835,37.4932,0.134469,35.2891,f668f5edf1917b701d1aae20da0e0735e1b03ab4acb2cfe417d4915a25e0c201,PASS
BIN_1MB,1MB.bin,BIN,1MB,1048576,1,10,65536,0.6906,0.431,1448.02,2320.19,99.5389,37.4421,0.134469,35.2891,f668f5edf1917b701d1aae20da0e0735e1b03ab4acb2cfe417d4915a25e0c201,PASS
BIN_5MB,5MB.bin,BIN,5MB,5242880,5,1,65536,2.8564,2.1059,1750.46,2374.28,99.7307,74.5719,0.134469,39.293,f1b46c21340f3b38710a177574ac70c58706651cd809a1b194032dfd8db3147d,PASS
BIN_5MB,5MB.bin,BIN,5MB,5242880,5,2,65536,2.7659,2.1045,1807.73,2375.86,99.0934,24.8656,0.134469,39.293,f1b46c21340f3b38710a177574ac70c58706651cd809a1b194032dfd8db3147d,PASS
BIN_5MB,5MB.bin,BIN,5MB,5242880,5,3,65536,3.0662,2.1982,1630.68,2274.59,98.9932,62.015,0.134469,39.293,f1b46c21340f3b38710a177574ac70c58706651cd809a1b194032dfd8db3147d,PASS
BIN_5MB,5MB.bin,BIN,5MB,5242880,5,4,65536,2.7053,2.0813,1848.22,2402.34,98.6031,49.8325,0.134469,39.293,f1b46c21340f3b38710a177574ac70c58706651cd809a1b194032dfd8db3147d,PASS
BIN_5MB,5MB.bin,BIN,5MB,5242880,5,5,65536,2.7884,2.023,1793.14,2471.58,99.4024,37.2402,0.134469,39.293,f1b46c21340f3b38710a177574ac70c58706651cd809a1b194032dfd8db3147d,PASS
BIN_5MB,5MB.bin,BIN,5MB,5242880,5,6,65536,2.8127,2.1145,1777.65,2364.63,99.7713,68.7151,0.134469,39.293,f1b46c21340f3b38710a177574ac70c58706651cd809a1b194032dfd8db3147d,PASS
BIN_5MB,5MB.bin,BIN,5MB,5242880,5,7,65536,2.8813,2.4298,1735.33,2057.78,98.3055,12.4093,0.134469,39.2969,f1b46c21340f3b38710a177574ac70c58706651cd809a1b194032dfd8db3147d,PASS
BIN_5MB,5MB.bin,BIN,5MB,5242880,5,8,65536,2.711,1.9951,1844.34,2506.14,99.2853,6.20798,0.134469,39.2969,f1b46c21340f3b38710a177574ac70c58706651cd809a1b194032dfd8db3147d,PASS
BIN_5MB,5MB.bin,BIN,5MB,5242880,5,9,65536,3.0761,2.1207,1625.43,2357.71,99.82,87.4283,0.134469,39.2969,f1b46c21340f3b38710a177574ac70c58706651cd809a1b194032dfd8db3147d,PASS
BIN_5MB,5MB.bin,BIN,5MB,5242880,5,10,65536,2.8608,2.1,1747.76,2380.95,99.1844,24.8423,0.134469,39.2969,f1b46c21340f3b38710a177574ac70c58706651cd809a1b194032dfd8db3147d,PASS
BIN_10MB,10MB.bin,BIN,10MB,10485760,10,1,65536,6.0714,4.1393,1647.07,2415.87,99.0675,24.6298,0.13447,44.3008,1f17c0787bddd26a339c96514145d0c9c6526d1e8511204a1013743567ae3c1d,PASS
BIN_10MB,10MB.bin,BIN,10MB,10485760,10,2,65536,5.5338,4.1266,1807.08,2423.3,99.6288,30.6565,0.13447,44.3008,1f17c0787bddd26a339c96514145d0c9c6526d1e8511204a1013743567ae3c1d,PASS
BIN_10MB,10MB.bin,BIN,10MB,10485760,10,3,65536,5.7461,4.2249,1740.31,2366.92,99.7934,36.8236,0.13447,44.3008,1f17c0787bddd26a339c96514145d0c9c6526d1e8511204a1013743567ae3c1d,PASS
BIN_10MB,10MB.bin,BIN,10MB,10485760,10,4,65536,5.9676,4.2351,1675.72,2361.22,99.3547,86.9883,0.13447,44.3008,1f17c0787bddd26a339c96514145d0c9c6526d1e8511204a1013743567ae3c1d,PASS
BIN_10MB,10MB.bin,BIN,10MB,10485760,10,5,65536,5.9191,4.2311,1689.45,2363.45,98.5801,12.4009,0.13447,44.3008,1f17c0787bddd26a339c96514145d0c9c6526d1e8511204a1013743567ae3c1d,PASS
BIN_10MB,10MB.bin,BIN,10MB,10485760,10,6,65536,5.6919,4.241,1756.88,2357.93,98.478,18.7279,0.13447,44.3008,1f17c0787bddd26a339c96514145d0c9c6526d1e8511204a1013743567ae3c1d,PASS
BIN_10MB,10MB.bin,BIN,10MB,10485760,10,7,65536,5.5247,4.2492,1810.05,2353.38,97.601,43.4861,0.13447,44.3008,1f17c0787bddd26a339c96514145d0c9c6526d1e8511204a1013743567ae3c1d,PASS
BIN_10MB,10MB.bin,BIN,10MB,10485760,10,8,65536,5.5691,4.0684,1795.62,2457.97,99.6236,93.4191,0.13447,44.3008,1f17c0787bddd26a339c96514145d0c9c6526d1e8511204a1013743567ae3c1d,PASS
BIN_10MB,10MB.bin,BIN,10MB,10485760,10,9,65536,5.3913,4.2171,1854.84,2371.3,97.4843,55.2107,0.13447,44.3008,1f17c0787bddd26a339c96514145d0c9c6526d1e8511204a1013743567ae3c1d,PASS
BIN_10MB,10MB.bin,BIN,10MB,10485760,10,10,65536,5.3072,3.9226,1884.23,2549.33,98.0474,37.3043,0.13447,44.3008,1f17c0787bddd26a339c96514145d0c9c6526d1e8511204a1013743567ae3c1d,PASS
BIN_50MB,50MB.bin,BIN,50MB,52428800,50,1,65536,29.1578,22.2275,1714.81,2249.47,98.9894,65.1363,0.13447,84.3047,f4a8626f0ebd24cde1cc824980a176d665247d77c81a4f91274ea7e33e1d7532,PASS
BIN_50MB,50MB.bin,BIN,50MB,52428800,50,2,65536,28.7571,20.6301,1738.7,2423.64,99.3872,73.5109,0.13447,84.3047,f4a8626f0ebd24cde1cc824980a176d665247d77c81a4f91274ea7e33e1d7532,PASS
BIN_50MB,50MB.bin,BIN,50MB,52428800,50,3,65536,28.565,22.3624,1750.39,2235.9,98.6128,36.4011,0.13447,84.3047,f4a8626f0ebd24cde1cc824980a176d665247d77c81a4f91274ea7e33e1d7532,PASS
BIN_50MB,50MB.bin,BIN,50MB,52428800,50,4,65536,28.6297,20.5788,1746.44,2429.68,98.1493,65.9837,0.13447,84.3047,f4a8626f0ebd24cde1cc824980a176d665247d77c81a4f91274ea7e33e1d7532,PASS
BIN_50MB,50MB.bin,BIN,50MB,52428800,50,5,65536,29.8547,23.6543,1674.78,2113.78,99.3394,73.2452,0.13447,84.3047,f4a8626f0ebd24cde1cc824980a176d665247d77c81a4f91274ea7e33e1d7532,PASS
BIN_50MB,50MB.bin,BIN,50MB,52428800,50,6,65536,29.5076,20.4132,1694.48,2449.4,99.2637,67.4404,0.13447,84.3047,f4a8626f0ebd24cde1cc824980a176d665247d77c81a4f91274ea7e33e1d7532,PASS
BIN_50MB,50MB.bin,BIN,50MB,52428800,50,7,65536,29.2565,21.3994,1709.02,2336.51,98.3854,29.7683,0.13447,84.3047,f4a8626f0ebd24cde1cc824980a176d665247d77c81a4f91274ea7e33e1d7532,PASS
BIN_50MB,50MB.bin,BIN,50MB,52428800,50,8,65536,28.4972,20.2782,1754.56,2465.7,99.0757,36.8205,0.13447,84.3047,f4a8626f0ebd24cde1cc824980a176d665247d77c81a4f91274ea7e33e1d7532,PASS
BIN_50MB,50MB.bin,BIN,50MB,52428800,50,9,65536,28.3754,19.9852,1762.09,2501.85,99.2694,73.6919,0.13447,84.3047,f4a8626f0ebd24cde1cc824980a176d665247d77c81a4f91274ea7e33e1d7532,PASS
BIN_50MB,50MB.bin,BIN,50MB,52428800,50,10,65536,28.5478,20.5912,1751.45,2428.22,98.6614,53.9996,0.13447,84.3047,f4a8626f0ebd24cde1cc824980a176d665247d77c81a4f91274ea7e33e1d7532,PASS
TXT_1KB,1KB.txt,TXT,1KB,1024,0.000976562,1,65536,0.1781,0.00680005,5.48323,143.611,98.9996,18.7456,0.0729189,34.3047,c64e837255050fe1ee8533adf85ea1507eed7346ec3f755be0b8ec31b8e6505d,PASS
TXT_1KB,1KB.txt,TXT,1KB,1024,0.000976562,2,65536,0.16,0.00610005,6.10351,160.091,98.5609,49.9932,0.0729189,34.3047,c64e837255050fe1ee8533adf85ea1507eed7346ec3f755be0b8ec31b8e6505d,PASS
TXT_1KB,1KB.txt,TXT,1KB,1024,0.000976562,3,65536,0.1591,0.00480004,6.13804,203.449,98.9712,74.9991,0.0729189,34.3047,c64e837255050fe1ee8533adf85ea1507eed7346ec3f755be0b8ec31b8e6505d,PASS
TXT_1KB,1KB.txt,TXT,1KB,1024,0.000976562,4,65536,0.1533,0.00460004,6.37027,212.295,98.9658,37.4982,0.0729189,34.3086,c64e837255050fe1ee8533adf85ea1507eed7346ec3f755be0b8ec31b8e6505d,PASS
TXT_1KB,1KB.txt,TXT,1KB,1024,0.000976562,5,65536,0.1459,0.00430003,6.69337,227.106,99.5494,18.7496,0.0729189,34.3125,c64e837255050fe1ee8533adf85ea1507eed7346ec3f755be0b8ec31b8e6505d,PASS
TXT_1KB,1KB.txt,TXT,1KB,1024,0.000976562,6,65536,0.1362,0.00439992,7.17006,221.95,99.6419,24.9974,0.0729189,34.3125,c64e837255050fe1ee8533adf85ea1507eed7346ec3f755be0b8ec31b8e6505d,PASS
TXT_1KB,1KB.txt,TXT,1KB,1024,0.000976562,7,65536,0.1655,0.00530004,5.90068,184.256,99.8421,62.498,0.0729189,34.3125,c64e837255050fe1ee8533adf85ea1507eed7346ec3f755be0b8ec31b8e6505d,PASS
TXT_1KB,1KB.txt,TXT,1KB,1024,0.000976562,8,65536,0.1471,0.00540004,6.63877,180.844,99.9151,74.9887,0.0729189,34.3125,c64e837255050fe1ee8533adf85ea1507eed7346ec3f755be0b8ec31b8e6505d,PASS
TXT_1KB,1KB.txt,TXT,1KB,1024,0.000976562,9,65536,0.159,0.00520004,6.1419,187.799,99.3183,31.2447,0.0729189,34.3125,c64e837255050fe1ee8533adf85ea1507eed7346ec3f755be0b8ec31b8e6505d,PASS
TXT_1KB,1KB.txt,TXT,1KB,1024,0.000976562,10,65536,0.1367,0.00440003,7.14384,221.944,99.8805,68.7366,0.0729189,34.3125,c64e837255050fe1ee8533adf85ea1507eed7346ec3f755be0b8ec31b8e6505d,PASS
TXT_100KB,100KB.txt,TXT,100KB,102400,0.0976562,1,65536,0.1987,0.0427,491.476,2287.03,100.021,68.7284,0.134471,34.3125,e7941c00e94f09e2778300c83bd03c8a2545374df44688fd4759e4f530a7f9fe,PASS
TXT_100KB,100KB.txt,TXT,100KB,102400,0.0976562,2,65536,0.1804,0.0468,541.332,2086.67,99.8408,74.999,0.134471,34.3125,e7941c00e94f09e2778300c83bd03c8a2545374df44688fd4759e4f530a7f9fe,PASS
TXT_100KB,100KB.txt,TXT,100KB,102400,0.0976562,3,65536,0.2249,0.0468,434.221,2086.67,100.03,68.7364,0.134471,34.3125,e7941c00e94f09e2778300c83bd03c8a2545374df44688fd4759e4f530a7f9fe,PASS
TXT_100KB,100KB.txt,TXT,100KB,102400,0.0976562,4,65536,0.2175,0.0463,448.994,2109.21,100.085,87.4901,0.134471,34.3125,e7941c00e94f09e2778300c83bd03c8a2545374df44688fd4759e4f530a7f9fe,PASS
TXT_100KB,100KB.txt,TXT,100KB,102400,0.0976562,5,65536,0.2199,0.0464,444.094,2104.66,99.8952,68.7499,0.134471,34.3164,e7941c00e94f09e2778300c83bd03c8a2545374df44688fd4759e4f530a7f9fe,PASS
TXT_100KB,100KB.txt,TXT,100KB,102400,0.0976562,6,65536,0.1826,0.0411,534.81,2376.07,99.6582,68.7231,0.134471,34.3164,e7941c00e94f09e2778300c83bd03c8a2545374df44688fd4759e4f530a7f9fe,PASS
TXT_100KB,100KB.txt,TXT,100KB,102400,0.0976562,7,65536,0.1963,0.0411001,497.484,2376.06,99.9732,68.7291,0.134471,34.3164,e7941c00e94f09e2778300c83bd03c8a2545374df44688fd4759e4f530a7f9fe,PASS
TXT_100KB,100KB.txt,TXT,100KB,102400,0.0976562,8,65536,0.2062,0.0475,473.6,2055.92,99.9964,81.2337,0.134471,34.3164,e7941c00e94f09e2778300c83bd03c8a2545374df44688fd4759e4f530a7f9fe,PASS
TXT_100KB,100KB.txt,TXT,100KB,102400,0.0976562,9,65536,0.1944,0.047,502.347,2077.79,99.7963,74.9725,0.134471,34.3164,e7941c00e94f09e2778300c83bd03c8a2545374df44688fd4759e4f530a7f9fe,PASS
TXT_100KB,100KB.txt,TXT,100KB,102400,0.0976562,10,65536,0.2027,0.0466,481.777,2095.63,99.5285,43.7416,0.134471,34.3164,e7941c00e94f09e2778300c83bd03c8a2545374df44688fd4759e4f530a7f9fe,PASS
TXT_1MB,1MB.txt,TXT,1MB,1048576,1,1,65536,0.6126,0.4258,1632.39,2348.52,99.5226,56.1861,0.134469,35.3203,a2373e7284e16bd3be0e002df5bb9128d8df7924aa4e6408c7050dbc4e85975a,PASS
TXT_1MB,1MB.txt,TXT,1MB,1048576,1,2,65536,0.6143,0.4325,1627.87,2312.14,99.9506,62.3683,0.134469,35.3203,a2373e7284e16bd3be0e002df5bb9128d8df7924aa4e6408c7050dbc4e85975a,PASS
TXT_1MB,1MB.txt,TXT,1MB,1048576,1,3,65536,0.6484,0.4284,1542.26,2334.27,99.9604,74.8532,0.134469,35.3203,a2373e7284e16bd3be0e002df5bb9128d8df7924aa4e6408c7050dbc4e85975a,PASS
TXT_1MB,1MB.txt,TXT,1MB,1048576,1,4,65536,0.6268,0.4268,1595.41,2343.02,99.9031,49.8953,0.134469,35.3203,a2373e7284e16bd3be0e002df5bb9128d8df7924aa4e6408c7050dbc4e85975a,PASS
TXT_1MB,1MB.txt,TXT,1MB,1048576,1,5,65536,0.709,0.4158,1410.44,2405,99.8674,74.8789,0.134469,35.3203,a2373e7284e16bd3be0e002df5bb9128d8df7924aa4e6408c7050dbc4e85975a,PASS
TXT_1MB,1MB.txt,TXT,1MB,1048576,1,6,65536,0.6225,0.3946,1606.43,2534.21,99.6758,68.5803,0.134469,35.3203,a2373e7284e16bd3be0e002df5bb9128d8df7924aa4e6408c7050dbc4e85975a,PASS
TXT_1MB,1MB.txt,TXT,1MB,1048576,1,7,65536,0.6374,0.4257,1568.87,2349.07,99.8532,93.6444,0.134469,35.3242,a2373e7284e16bd3be0e002df5bb9128d8df7924aa4e6408c7050dbc4e85975a,PASS
TXT_1MB,1MB.txt,TXT,1MB,1048576,1,8,65536,0.7775,0.4351,1286.17,2298.32,99.6247,12.4839,0.134469,35.3242,a2373e7284e16bd3be0e002df5bb9128d8df7924aa4e6408c7050dbc4e85975a,PASS
TXT_1MB,1MB.txt,TXT,1MB,1048576,1,9,65536,0.5862,0.4358,1705.9,2294.63,99.7512,56.1431,0.134469,35.3242,a2373e7284e16bd3be0e002df5bb9128d8df7924aa4e6408c7050dbc4e85975a,PASS
TXT_1MB,1MB.txt,TXT,1MB,1048576,1,10,65536,0.5826,0.382,1716.44,2617.8,99.8745,43.7141,0.134469,35.3242,a2373e7284e16bd3be0e002df5bb9128d8df7924aa4e6408c7050dbc4e85975a,PASS
TXT_5MB,5MB.txt,TXT,5MB,5242880,5,1,65536,2.8381,2.0673,1761.74,2418.61,99.5767,43.6108,0.134469,39.3281,8fbfb99b177b8b4cea95479b0d12ecd12ecc7955cd116ed68902bf3183d37721,PASS
TXT_5MB,5MB.txt,TXT,5MB,5242880,5,2,65536,3.1579,1.9876,1583.33,2515.6,99.9601,92.8811,0.134469,39.3281,8fbfb99b177b8b4cea95479b0d12ecd12ecc7955cd116ed68902bf3183d37721,PASS
TXT_5MB,5MB.txt,TXT,5MB,5242880,5,3,65536,2.7462,1.9689,1820.7,2539.49,99.8573,56.0563,0.134469,39.332,8fbfb99b177b8b4cea95479b0d12ecd12ecc7955cd116ed68902bf3183d37721,PASS
TXT_5MB,5MB.txt,TXT,5MB,5242880,5,4,65536,2.8784,2.1214,1737.08,2356.93,99.3892,37.4891,0.134469,39.332,8fbfb99b177b8b4cea95479b0d12ecd12ecc7955cd116ed68902bf3183d37721,PASS
TXT_5MB,5MB.txt,TXT,5MB,5242880,5,5,65536,2.6166,2.0863,1910.88,2396.59,98.9822,37.2676,0.134469,39.332,8fbfb99b177b8b4cea95479b0d12ecd12ecc7955cd116ed68902bf3183d37721,PASS
TXT_5MB,5MB.txt,TXT,5MB,5242880,5,6,65536,2.655,2.1131,1883.24,2366.19,98.7417,62.0645,0.134469,39.332,8fbfb99b177b8b4cea95479b0d12ecd12ecc7955cd116ed68902bf3183d37721,PASS
TXT_5MB,5MB.txt,TXT,5MB,5242880,5,7,65536,2.8313,2.0144,1765.97,2482.13,98.7948,68.5671,0.134469,39.332,8fbfb99b177b8b4cea95479b0d12ecd12ecc7955cd116ed68902bf3183d37721,PASS
TXT_5MB,5MB.txt,TXT,5MB,5242880,5,8,65536,2.7934,2.0885,1789.93,2394.06,99.3273,43.3174,0.134469,39.3359,8fbfb99b177b8b4cea95479b0d12ecd12ecc7955cd116ed68902bf3183d37721,PASS
TXT_5MB,5MB.txt,TXT,5MB,5242880,5,9,65536,2.7369,2.0732,1826.88,2411.73,98.8639,43.4769,0.134469,39.3359,8fbfb99b177b8b4cea95479b0d12ecd12ecc7955cd116ed68902bf3183d37721,PASS
TXT_5MB,5MB.txt,TXT,5MB,5242880,5,10,65536,3.4936,2.167,1431.19,2307.34,98.6877,37.3585,0.134469,39.3359,8fbfb99b177b8b4cea95479b0d12ecd12ecc7955cd116ed68902bf3183d37721,PASS
TXT_10MB,10MB.txt,TXT,10MB,10485760,10,1,65536,5.9008,4.0554,1694.69,2465.85,99.2411,80.0589,0.13447,44.3477,840998e32432ae86be309547281e3e9ab5e7829e70444284417cdad73f160fa5,PASS
TXT_10MB,10MB.txt,TXT,10MB,10485760,10,2,65536,5.7395,4.2459,1742.31,2355.21,99.1826,37.4131,0.13447,44.3477,840998e32432ae86be309547281e3e9ab5e7829e70444284417cdad73f160fa5,PASS
TXT_10MB,10MB.txt,TXT,10MB,10485760,10,3,65536,5.755,4.0811,1737.62,2450.32,99.3299,49.0663,0.13447,44.3477,840998e32432ae86be309547281e3e9ab5e7829e70444284417cdad73f160fa5,PASS
TXT_10MB,10MB.txt,TXT,10MB,10485760,10,4,65536,5.7784,4.28,1730.58,2336.45,99.1309,36.8191,0.13447,44.3477,840998e32432ae86be309547281e3e9ab5e7829e70444284417cdad73f160fa5,PASS
TXT_10MB,10MB.txt,TXT,10MB,10485760,10,5,65536,5.5107,4.8769,1814.65,2050.48,99.2374,55.259,0.13447,44.3477,840998e32432ae86be309547281e3e9ab5e7829e70444284417cdad73f160fa5,PASS
TXT_10MB,10MB.txt,TXT,10MB,10485760,10,6,65536,5.8293,4.0514,1715.47,2468.28,99.8885,61.5865,0.13447,44.3477,840998e32432ae86be309547281e3e9ab5e7829e70444284417cdad73f160fa5,PASS
TXT_10MB,10MB.txt,TXT,10MB,10485760,10,7,65536,5.2795,3.979,1894.12,2513.19,99.6244,49.2227,0.13447,44.3477,840998e32432ae86be309547281e3e9ab5e7829e70444284417cdad73f160fa5,PASS
TXT_10MB,10MB.txt,TXT,10MB,10485760,10,8,65536,5.5681,4.2113,1795.94,2374.56,99.3953,12.4987,0.13447,44.3477,840998e32432ae86be309547281e3e9ab5e7829e70444284417cdad73f160fa5,PASS
TXT_10MB,10MB.txt,TXT,10MB,10485760,10,9,65536,5.7911,4.1465,1726.79,2411.67,99.4146,43.3075,0.13447,44.3477,840998e32432ae86be309547281e3e9ab5e7829e70444284417cdad73f160fa5,PASS
TXT_10MB,10MB.txt,TXT,10MB,10485760,10,10,65536,5.5413,4.2055,1804.63,2377.84,99.3954,81.2251,0.13447,44.3516,840998e32432ae86be309547281e3e9ab5e7829e70444284417cdad73f160fa5,PASS
TXT_50MB,50MB.txt,TXT,50MB,52428800,50,1,65536,29.0321,21.7748,1722.23,2296.23,98.8846,11.8286,0.13447,84.3516,e893bece34a96e2fee949d4d7d80a1780d971adc7547a583d9f5313ccf21b152,PASS
TXT_50MB,50MB.txt,TXT,50MB,52428800,50,2,65536,29.0364,20.8754,1721.98,2395.16,99.3823,60.4222,0.13447,84.3516,e893bece34a96e2fee949d4d7d80a1780d971adc7547a583d9f5313ccf21b152,PASS
TXT_50MB,50MB.txt,TXT,50MB,52428800,50,3,65536,29.6915,20.6937,1683.98,2416.19,99.3529,42.3486,0.13447,84.3516,e893bece34a96e2fee949d4d7d80a1780d971adc7547a583d9f5313ccf21b152,PASS
TXT_50MB,50MB.txt,TXT,50MB,52428800,50,4,65536,28.0818,20.3812,1780.51,2453.24,98.7682,59.6741,0.13447,84.3516,e893bece34a96e2fee949d4d7d80a1780d971adc7547a583d9f5313ccf21b152,PASS
TXT_50MB,50MB.txt,TXT,50MB,52428800,50,5,65536,29.6748,21.3506,1684.93,2341.85,97.962,48.078,0.13447,84.3516,e893bece34a96e2fee949d4d7d80a1780d971adc7547a583d9f5313ccf21b152,PASS
TXT_50MB,50MB.txt,TXT,50MB,52428800,50,6,65536,29.792,22.5742,1678.3,2214.92,98.5999,34.7952,0.13447,84.3516,e893bece34a96e2fee949d4d7d80a1780d971adc7547a583d9f5313ccf21b152,PASS
TXT_50MB,50MB.txt,TXT,50MB,52428800,50,7,65536,30.1251,22.2164,1659.75,2250.59,98.5275,64.7317,0.13447,84.3516,e893bece34a96e2fee949d4d7d80a1780d971adc7547a583d9f5313ccf21b152,PASS
TXT_50MB,50MB.txt,TXT,50MB,52428800,50,8,65536,29.118,21.564,1717.15,2318.68,98.2139,35.358,0.13447,84.3516,e893bece34a96e2fee949d4d7d80a1780d971adc7547a583d9f5313ccf21b152,PASS
TXT_50MB,50MB.txt,TXT,50MB,52428800,50,9,65536,29.4258,21.1609,1699.19,2362.85,98.2214,17.7924,0.13447,84.3516,e893bece34a96e2fee949d4d7d80a1780d971adc7547a583d9f5313ccf21b152,PASS
TXT_50MB,50MB.txt,TXT,50MB,52428800,50,10,65536,28.5529,21.1055,1751.14,2369.05,98.0479,23.7998,0.13447,84.3516,e893bece34a96e2fee949d4d7d80a1780d971adc7547a583d9f5313ccf21b152,PASS
PDF_1KB,1KB.pdf,PDF,1KB,1024,0.000976562,1,65536,0.2028,0.00620005,4.8154,157.509,99.5181,62.4862,0.0729189,34.3555,e495032f718fc06277f66c3ae12f99f22d013669fa952673aedc5f8f897a0b88,PASS
PDF_1KB,1KB.pdf,PDF,1KB,1024,0.000976562,2,65536,0.1376,0.00440003,7.09711,221.944,99.7955,37.4937,0.0729189,34.3555,e495032f718fc06277f66c3ae12f99f22d013669fa952673aedc5f8f897a0b88,PASS
PDF_1KB,1KB.pdf,PDF,1KB,1024,0.000976562,3,65536,0.1291,0.00460004,7.56439,212.295,99.3651,37.4939,0.0729189,34.3555,e495032f718fc06277f66c3ae12f99f22d013669fa952673aedc5f8f897a0b88,PASS
PDF_1KB,1KB.pdf,PDF,1KB,1024,0.000976562,4,65536,0.1602,0.00540004,6.0959,180.844,99.6775,31.2474,0.0729189,34.3555,e495032f718fc06277f66c3ae12f99f22d013669fa952673aedc5f8f897a0b88,PASS
PDF_1KB,1KB.pdf,PDF,1KB,1024,0.000976562,5,65536,0.1481,0.00489992,6.59394,199.302,99.7455,31.2411,0.0729189,34.3555,e495032f718fc06277f66c3ae12f99f22d013669fa952673aedc5f8f897a0b88,PASS
PDF_1KB,1KB.pdf,PDF,1KB,1024,0.000976562,6,65536,0.1961,0.00750006,4.97992,130.207,99.879,74.9785,0.0729189,34.3555,e495032f718fc06277f66c3ae12f99f22d013669fa952673aedc5f8f897a0b88,PASS
PDF_1KB,1KB.pdf,PDF,1KB,1024,0.000976562,7,65536,0.1404,0.00459992,6.95557,212.3,99.7603,24.9977,0.0729189,34.3555,e495032f718fc06277f66c3ae12f99f22d013669fa952673aedc5f8f897a0b88,PASS
PDF_1KB,1KB.pdf,PDF,1KB,1024,0.000976562,8,65536,0.155,0.00449992,6.3004,217.018,99.8089,56.2347,0.0729189,34.3555,e495032f718fc06277f66c3ae12f99f22d013669fa952673aedc5f8f897a0b88,PASS
PDF_1KB,1KB.pdf,PDF,1KB,1024,0.000976562,9,65536,0.1711,0.00540004,5.70755,180.844,99.7273,37.4931,0.0729189,34.3555,e495032f718fc06277f66c3ae12f99f22d013669fa952673aedc5f8f897a0b88,PASS
PDF_1KB,1KB.pdf,PDF,1KB,1024,0.000976562,10,65536,0.1313,0.00470004,7.43765,207.778,99.5565,74.9827,0.0729189,34.3555,e495032f718fc06277f66c3ae12f99f22d013669fa952673aedc5f8f897a0b88,PASS
PDF_100KB,100KB.pdf,PDF,100KB,102400,0.0976562,1,65536,0.2236,0.0473,436.745,2064.61,99.0266,37.4825,0.134471,34.3672,550d4930fd234eab7801a3f60fdc2a5dc02e5a5a500246532fd674747528ebdb,PASS
PDF_100KB,100KB.pdf,PDF,100KB,102400,0.0976562,2,65536,0.3121,0.0505,312.9,1933.79,98.6509,24.9874,0.134471,34.3672,550d4930fd234eab7801a3f60fdc2a5dc02e5a5a500246532fd674747528ebdb,PASS
PDF_100KB,100KB.pdf,PDF,100KB,102400,0.0976562,3,65536,0.3286,0.0481999,297.189,2026.07,98.5648,24.9907,0.134471,34.3672,550d4930fd234eab7801a3f60fdc2a5dc02e5a5a500246532fd674747528ebdb,PASS
PDF_100KB,100KB.pdf,PDF,100KB,102400,0.0976562,4,65536,0.2581,0.0506999,378.366,1926.16,99.4185,24.9924,0.134471,34.3672,550d4930fd234eab7801a3f60fdc2a5dc02e5a5a500246532fd674747528ebdb,PASS
PDF_100KB,100KB.pdf,PDF,100KB,102400,0.0976562,5,65536,0.2089,0.0481,467.478,2030.27,99.7776,43.737,0.134471,34.3672,550d4930fd234eab7801a3f60fdc2a5dc02e5a5a500246532fd674747528ebdb,PASS
PDF_100KB,100KB.pdf,PDF,100KB,102400,0.0976562,6,65536,0.218,0.0423,447.964,2308.66,99.5172,31.243,0.134471,34.3672,550d4930fd234eab7801a3f60fdc2a5dc02e5a5a500246532fd674747528ebdb,PASS
PDF_100KB,100KB.pdf,PDF,100KB,102400,0.0976562,7,65536,0.1881,0.0462,519.172,2113.77,98.8081,24.9915,0.134471,34.3672,550d4930fd234eab7801a3f60fdc2a5dc02e5a5a500246532fd674747528ebdb,PASS
PDF_100KB,100KB.pdf,PDF,100KB,102400,0.0976562,8,65536,0.2168,0.0478,450.444,2043.02,98.5066,18.7463,0.134471,34.3672,550d4930fd234eab7801a3f60fdc2a5dc02e5a5a500246532fd674747528ebdb,PASS
PDF_100KB,100KB.pdf,PDF,100KB,102400,0.0976562,9,65536,0.1698,0.0466,575.125,2095.63,99.1627,37.4911,0.134471,34.3672,550d4930fd234eab7801a3f60fdc2a5dc02e5a5a500246532fd674747528ebdb,PASS
PDF_100KB,100KB.pdf,PDF,100KB,102400,0.0976562,10,65536,0.3147,0.0558001,310.315,1750.11,99.7202,62.4757,0.134471,34.3672,550d4930fd234eab7801a3f60fdc2a5dc02e5a5a500246532fd674747528ebdb,PASS
PDF_1MB,1MB.pdf,PDF,1MB,1048576,1,1,65536,0.7409,0.4665,1349.71,2143.62,99.3487,6.24386,0.134469,35.3711,7a310f0583cac466bcafb0a60e6ee620e4a278ac5341d0f1c563b7ed65b0fa30,PASS
PDF_1MB,1MB.pdf,PDF,1MB,1048576,1,2,65536,0.7966,0.5563,1255.34,1797.59,99.8207,31.2333,0.134469,35.3711,7a310f0583cac466bcafb0a60e6ee620e4a278ac5341d0f1c563b7ed65b0fa30,PASS
PDF_1MB,1MB.pdf,PDF,1MB,1048576,1,3,65536,0.6398,0.4274,1562.99,2339.73,98.9587,24.9512,0.134469,35.3711,7a310f0583cac466bcafb0a60e6ee620e4a278ac5341d0f1c563b7ed65b0fa30,PASS
PDF_1MB,1MB.pdf,PDF,1MB,1048576,1,4,65536,0.685,0.4293,1459.85,2329.37,98.8079,49.9884,0.134469,35.375,7a310f0583cac466bcafb0a60e6ee620e4a278ac5341d0f1c563b7ed65b0fa30,PASS
PDF_1MB,1MB.pdf,PDF,1MB,1048576,1,5,65536,0.6536,0.4325,1529.99,2312.14,99.8514,43.6772,0.134469,35.375,7a310f0583cac466bcafb0a60e6ee620e4a278ac5341d0f1c563b7ed65b0fa30,PASS
PDF_1MB,1MB.pdf,PDF,1MB,1048576,1,6,65536,0.6345,0.476,1576.04,2100.84,98.4019,0,0.134469,35.375,7a310f0583cac466bcafb0a60e6ee620e4a278ac5341d0f1c563b7ed65b0fa30,PASS
PDF_1MB,1MB.pdf,PDF,1MB,1048576,1,7,65536,0.9642,0.431,1037.13,2320.19,99.3786,12.4785,0.134469,35.375,7a310f0583cac466bcafb0a60e6ee620e4a278ac5341d0f1c563b7ed65b0fa30,PASS
PDF_1MB,1MB.pdf,PDF,1MB,1048576,1,8,65536,0.6127,0.4315,1632.12,2317.5,98.5851,43.7183,0.134469,35.375,7a310f0583cac466bcafb0a60e6ee620e4a278ac5341d0f1c563b7ed65b0fa30,PASS
PDF_1MB,1MB.pdf,PDF,1MB,1048576,1,9,65536,0.7262,0.4291,1377.03,2330.46,99.3108,31.1823,0.134469,35.375,7a310f0583cac466bcafb0a60e6ee620e4a278ac5341d0f1c563b7ed65b0fa30,PASS
PDF_1MB,1MB.pdf,PDF,1MB,1048576,1,10,65536,0.6968,0.4292,1435.13,2329.92,99.7489,81.2178,0.134469,35.3789,7a310f0583cac466bcafb0a60e6ee620e4a278ac5341d0f1c563b7ed65b0fa30,PASS
PDF_5MB,5MB.pdf,PDF,5MB,5242880,5,1,65536,3.2858,2.3467,1521.7,2130.65,99.2915,43.6623,0.134469,39.3789,587dbc816afa0bed12d857f10fb4a16c7ea95a13445828518d3a2f2eb325d1ce,PASS
PDF_5MB,5MB.pdf,PDF,5MB,5242880,5,2,65536,2.7115,2.469,1844,2025.11,98.7792,18.7199,0.134469,39.3789,587dbc816afa0bed12d857f10fb4a16c7ea95a13445828518d3a2f2eb325d1ce,PASS
PDF_5MB,5MB.pdf,PDF,5MB,5242880,5,3,65536,3.0784,2.0897,1624.22,2392.69,99.257,24.7696,0.134469,39.3789,587dbc816afa0bed12d857f10fb4a16c7ea95a13445828518d3a2f2eb325d1ce,PASS
PDF_5MB,5MB.pdf,PDF,5MB,5242880,5,4,65536,2.8038,2.0574,1783.29,2430.25,97.0926,12.4344,0.134469,39.3789,587dbc816afa0bed12d857f10fb4a16c7ea95a13445828518d3a2f2eb325d1ce,PASS
PDF_5MB,5MB.pdf,PDF,5MB,5242880,5,5,65536,3.2621,2.4539,1532.76,2037.57,97.5803,24.7634,0.134469,39.3828,587dbc816afa0bed12d857f10fb4a16c7ea95a13445828518d3a2f2eb325d1ce,PASS
PDF_5MB,5MB.pdf,PDF,5MB,5242880,5,6,65536,5.1639,2.913,968.26,1716.44,96.776,12.4076,0.134469,39.3828,587dbc816afa0bed12d857f10fb4a16c7ea95a13445828518d3a2f2eb325d1ce,PASS
PDF_5MB,5MB.pdf,PDF,5MB,5242880,5,7,65536,3.051,2.3636,1638.81,2115.42,96.9999,43.5038,0.134469,39.3828,587dbc816afa0bed12d857f10fb4a16c7ea95a13445828518d3a2f2eb325d1ce,PASS
PDF_5MB,5MB.pdf,PDF,5MB,5242880,5,8,65536,4.0856,2.1507,1223.81,2324.82,95.7651,18.7473,0.134469,39.3828,587dbc816afa0bed12d857f10fb4a16c7ea95a13445828518d3a2f2eb325d1ce,PASS
PDF_5MB,5MB.pdf,PDF,5MB,5242880,5,9,65536,3.6847,2.2254,1356.96,2246.79,97.8578,43.5535,0.134469,39.3828,587dbc816afa0bed12d857f10fb4a16c7ea95a13445828518d3a2f2eb325d1ce,PASS
PDF_5MB,5MB.pdf,PDF,5MB,5242880,5,10,65536,3.0733,2.6102,1626.92,1915.56,96.7548,31.2285,0.134469,39.3828,587dbc816afa0bed12d857f10fb4a16c7ea95a13445828518d3a2f2eb325d1ce,PASS
PDF_10MB,10MB.pdf,PDF,10MB,10485760,10,1,65536,6.3798,4.8769,1567.45,2050.48,96.9948,6.12711,0.13447,44.3867,b6cc607c99b65fceef8cb8e959f45746ebe9f3550d3a7a5f29b125af6db58d9c,PASS
PDF_10MB,10MB.pdf,PDF,10MB,10485760,10,2,65536,5.8755,6.3273,1701.98,1580.45,96.9734,24.0935,0.13447,44.3867,b6cc607c99b65fceef8cb8e959f45746ebe9f3550d3a7a5f29b125af6db58d9c,PASS
PDF_10MB,10MB.pdf,PDF,10MB,10485760,10,3,65536,6.36,8.4028,1572.33,1190.08,97.4621,18.6751,0.13447,44.3867,b6cc607c99b65fceef8cb8e959f45746ebe9f3550d3a7a5f29b125af6db58d9c,PASS
PDF_10MB,10MB.pdf,PDF,10MB,10485760,10,4,65536,7.3003,4.0831,1369.81,2449.12,96.0806,6.10426,0.13447,44.3867,b6cc607c99b65fceef8cb8e959f45746ebe9f3550d3a7a5f29b125af6db58d9c,PASS
PDF_10MB,10MB.pdf,PDF,10MB,10485760,10,5,65536,6.7637,4.3441,1478.48,2301.97,95.8787,18.6511,0.13447,44.3867,b6cc607c99b65fceef8cb8e959f45746ebe9f3550d3a7a5f29b125af6db58d9c,PASS
PDF_10MB,10MB.pdf,PDF,10MB,10485760,10,6,65536,6.4993,4.2922,1538.63,2329.81,96.8164,30.4638,0.13447,44.3867,b6cc607c99b65fceef8cb8e959f45746ebe9f3550d3a7a5f29b125af6db58d9c,PASS
PDF_10MB,10MB.pdf,PDF,10MB,10485760,10,7,65536,6.7874,4.3334,1473.32,2307.66,96.3279,6.18604,0.13447,44.3906,b6cc607c99b65fceef8cb8e959f45746ebe9f3550d3a7a5f29b125af6db58d9c,PASS
PDF_10MB,10MB.pdf,PDF,10MB,10485760,10,8,65536,10.8251,4.0362,923.779,2477.58,97.4854,37.2217,0.13447,44.3906,b6cc607c99b65fceef8cb8e959f45746ebe9f3550d3a7a5f29b125af6db58d9c,PASS
PDF_10MB,10MB.pdf,PDF,10MB,10485760,10,9,65536,6.3585,4.4861,1572.7,2229.11,96.9842,12.4355,0.13447,44.3906,b6cc607c99b65fceef8cb8e959f45746ebe9f3550d3a7a5f29b125af6db58d9c,PASS
PDF_10MB,10MB.pdf,PDF,10MB,10485760,10,10,65536,10.6106,4.9977,942.454,2000.92,95.5007,18.2703,0.13447,44.3906,b6cc607c99b65fceef8cb8e959f45746ebe9f3550d3a7a5f29b125af6db58d9c,PASS
PDF_50MB,50MB.pdf,PDF,50MB,52428800,50,1,65536,39.1773,26.4672,1276.25,1889.13,95.4591,24.6812,0.13447,84.3984,1f81d6d89cb6ca13f1e6e003b22b0ec92899aab821d7d67c0e25a3e67cc64688,PASS
PDF_50MB,50MB.pdf,PDF,50MB,52428800,50,2,65536,41.1617,28.2096,1214.72,1772.45,96.7642,22.3323,0.13447,84.3984,1f81d6d89cb6ca13f1e6e003b22b0ec92899aab821d7d67c0e25a3e67cc64688,PASS
PDF_50MB,50MB.pdf,PDF,50MB,52428800,50,3,65536,32.5399,25.6275,1536.58,1951.03,99.0202,5.95323,0.13447,84.3984,1f81d6d89cb6ca13f1e6e003b22b0ec92899aab821d7d67c0e25a3e67cc64688,PASS
PDF_50MB,50MB.pdf,PDF,50MB,52428800,50,4,65536,31.2463,21.4658,1600.19,2329.29,98.2319,11.4431,0.13447,84.3984,1f81d6d89cb6ca13f1e6e003b22b0ec92899aab821d7d67c0e25a3e67cc64688,PASS
PDF_50MB,50MB.pdf,PDF,50MB,52428800,50,5,65536,32.343,21.5176,1545.93,2323.68,99.1524,42.1107,0.13447,84.3984,1f81d6d89cb6ca13f1e6e003b22b0ec92899aab821d7d67c0e25a3e67cc64688,PASS
PDF_50MB,50MB.pdf,PDF,50MB,52428800,50,6,65536,32.1451,22.3775,1555.45,2234.39,98.7918,17.2145,0.13447,84.3984,1f81d6d89cb6ca13f1e6e003b22b0ec92899aab821d7d67c0e25a3e67cc64688,PASS
PDF_50MB,50MB.pdf,PDF,50MB,52428800,50,7,65536,29.1984,20.6337,1712.42,2423.22,99.7184,48.3276,0.13447,84.3984,1f81d6d89cb6ca13f1e6e003b22b0ec92899aab821d7d67c0e25a3e67cc64688,PASS
PDF_50MB,50MB.pdf,PDF,50MB,52428800,50,8,65536,30.7257,21.8525,1627.3,2288.07,99.5287,46.461,0.13447,84.4062,1f81d6d89cb6ca13f1e6e003b22b0ec92899aab821d7d67c0e25a3e67cc64688,PASS
PDF_50MB,50MB.pdf,PDF,50MB,52428800,50,9,65536,34.9702,24.3122,1429.79,2056.58,99.5348,63.1934,0.13447,84.4062,1f81d6d89cb6ca13f1e6e003b22b0ec92899aab821d7d67c0e25a3e67cc64688,PASS
PDF_50MB,50MB.pdf,PDF,50MB,52428800,50,10,65536,29.3564,20.951,1703.21,2386.52,99.8641,68.0736,0.13447,84.4062,1f81d6d89cb6ca13f1e6e003b22b0ec92899aab821d7d67c0e25a3e67cc64688,PASS
JPG_1KB,1KB.jpg,JPG,1KB,1024,0.000976562,1,65536,0.2503,0.00840006,3.90157,116.257,99.7209,37.496,0.0729189,34.4023,e319a03abf5a9032f194fc40866e5ed3b5c6a86add18aff7ae8d4f670ccafb71,PASS
JPG_1KB,1KB.jpg,JPG,1KB,1024,0.000976562,2,65536,0.1429,0.00439992,6.83389,221.95,100.013,74.99,0.0729189,34.4023,e319a03abf5a9032f194fc40866e5ed3b5c6a86add18aff7ae8d4f670ccafb71,PASS
JPG_1KB,1KB.jpg,JPG,1KB,1024,0.000976562,3,65536,0.167,0.00630005,5.84768,155.009,99.9944,93.7456,0.0729189,34.4023,e319a03abf5a9032f194fc40866e5ed3b5c6a86add18aff7ae8d4f670ccafb71,PASS
JPG_1KB,1KB.jpg,JPG,1KB,1024,0.000976562,4,65536,0.1633,0.00500004,5.98017,195.311,99.9676,81.249,0.0729189,34.4023,e319a03abf5a9032f194fc40866e5ed3b5c6a86add18aff7ae8d4f670ccafb71,PASS
JPG_1KB,1KB.jpg,JPG,1KB,1024,0.000976562,5,65536,0.1484,0.00429992,6.58061,227.112,99.7286,37.4981,0.0729189,34.4023,e319a03abf5a9032f194fc40866e5ed3b5c6a86add18aff7ae8d4f670ccafb71,PASS
JPG_1KB,1KB.jpg,JPG,1KB,1024,0.000976562,6,65536,0.1842,0.00760006,5.30164,128.494,99.8595,62.4993,0.0729189,34.4023,e319a03abf5a9032f194fc40866e5ed3b5c6a86add18aff7ae8d4f670ccafb71,PASS
JPG_1KB,1KB.jpg,JPG,1KB,1024,0.000976562,7,65536,0.1819,0.00780006,5.36868,125.199,99.6157,43.7486,0.0729189,34.4023,e319a03abf5a9032f194fc40866e5ed3b5c6a86add18aff7ae8d4f670ccafb71,PASS
JPG_1KB,1KB.jpg,JPG,1KB,1024,0.000976562,8,65536,0.1636,0.00719994,5.96921,135.635,99.881,56.2389,0.0729189,34.4023,e319a03abf5a9032f194fc40866e5ed3b5c6a86add18aff7ae8d4f670ccafb71,PASS
JPG_1KB,1KB.jpg,JPG,1KB,1024,0.000976562,9,65536,0.1575,0.00440003,6.2004,221.944,99.7566,24.9989,0.0729189,34.4023,e319a03abf5a9032f194fc40866e5ed3b5c6a86add18aff7ae8d4f670ccafb71,PASS
JPG_1KB,1KB.jpg,JPG,1KB,1024,0.000976562,10,65536,0.1582,0.00520004,6.17296,187.799,99.9575,74.9787,0.0729189,34.4062,e319a03abf5a9032f194fc40866e5ed3b5c6a86add18aff7ae8d4f670ccafb71,PASS
JPG_100KB,100KB.jpg,JPG,100KB,102400,0.0976562,1,65536,0.1882,0.0429,518.896,2276.37,99.666,43.7469,0.134471,34.4141,090b4fc7a4e2137ca5d1d51ef8eceadf35d941c631fc0f77e45875447d8ea72d,PASS
JPG_100KB,100KB.jpg,JPG,100KB,102400,0.0976562,2,65536,0.207,0.0447,471.769,2184.7,99.839,74.9919,0.134471,34.4141,090b4fc7a4e2137ca5d1d51ef8eceadf35d941c631fc0f77e45875447d8ea72d,PASS
JPG_100KB,100KB.jpg,JPG,100KB,102400,0.0976562,3,65536,0.2153,0.0422001,453.582,2314.12,99.9303,74.9851,0.134471,34.4141,090b4fc7a4e2137ca5d1d51ef8eceadf35d941c631fc0f77e45875447d8ea72d,PASS
JPG_100KB,100KB.jpg,JPG,100KB,102400,0.0976562,4,65536,0.2239,0.047,436.16,2077.79,99.9034,68.7214,0.134471,34.4141,090b4fc7a4e2137ca5d1d51ef8eceadf35d941c631fc0f77e45875447d8ea72d,PASS
JPG_100KB,100KB.jpg,JPG,100KB,102400,0.0976562,5,65536,0.1921,0.0469,508.361,2082.22,99.6481,43.7337,0.134471,34.4141,090b4fc7a4e2137ca5d1d51ef8eceadf35d941c631fc0f77e45875447d8ea72d,PASS
JPG_100KB,100KB.jpg,JPG,100KB,102400,0.0976562,6,65536,0.2048,0.0413,476.837,2364.56,99.9471,74.9972,0.134471,34.4141,090b4fc7a4e2137ca5d1d51ef8eceadf35d941c631fc0f77e45875447d8ea72d,PASS
JPG_100KB,100KB.jpg,JPG,100KB,102400,0.0976562,7,65536,0.208,0.0461,469.501,2118.36,99.5932,43.7454,0.134471,34.4141,090b4fc7a4e2137ca5d1d51ef8eceadf35d941c631fc0f77e45875447d8ea72d,PASS
JPG_100KB,100KB.jpg,JPG,100KB,102400,0.0976562,8,65536,0.2233,0.0516999,437.332,1888.9,99.8494,74.9834,0.134471,34.4141,090b4fc7a4e2137ca5d1d51ef8eceadf35d941c631fc0f77e45875447d8ea72d,PASS
JPG_100KB,100KB.jpg,JPG,100KB,102400,0.0976562,9,65536,0.1776,0.047,549.866,2077.79,99.673,68.75,0.134471,34.4141,090b4fc7a4e2137ca5d1d51ef8eceadf35d941c631fc0f77e45875447d8ea72d,PASS
JPG_100KB,100KB.jpg,JPG,100KB,102400,0.0976562,10,65536,0.1915,0.0413001,509.954,2364.55,99.7039,68.7178,0.134471,34.4141,090b4fc7a4e2137ca5d1d51ef8eceadf35d941c631fc0f77e45875447d8ea72d,PASS
JPG_1MB,1MB.jpg,JPG,1MB,1048576,1,1,65536,0.7897,0.438,1266.3,2283.1,98.9519,56.1677,0.134469,35.4258,f893f568b7eca5a52611e506722cd6dc540e162566442377cc042a6abf401eb3,PASS
JPG_1MB,1MB.jpg,JPG,1MB,1048576,1,2,65536,0.8054,0.4284,1241.62,2334.27,99.7786,56.1382,0.134469,35.4258,f893f568b7eca5a52611e506722cd6dc540e162566442377cc042a6abf401eb3,PASS
JPG_1MB,1MB.jpg,JPG,1MB,1048576,1,3,65536,0.8451,0.4345,1183.29,2301.5,99.7853,74.9209,0.134469,35.4258,f893f568b7eca5a52611e506722cd6dc540e162566442377cc042a6abf401eb3,PASS
JPG_1MB,1MB.jpg,JPG,1MB,1048576,1,4,65536,0.9084,0.4954,1100.84,2018.57,99.8695,24.9636,0.134469,35.4258,f893f568b7eca5a52611e506722cd6dc540e162566442377cc042a6abf401eb3,PASS
JPG_1MB,1MB.jpg,JPG,1MB,1048576,1,5,65536,0.6356,0.4421,1573.32,2261.93,99.7927,49.928,0.134469,35.4258,f893f568b7eca5a52611e506722cd6dc540e162566442377cc042a6abf401eb3,PASS
JPG_1MB,1MB.jpg,JPG,1MB,1048576,1,6,65536,0.6422,0.4479,1557.15,2232.64,99.4332,49.9276,0.134469,35.4297,f893f568b7eca5a52611e506722cd6dc540e162566442377cc042a6abf401eb3,PASS
JPG_1MB,1MB.jpg,JPG,1MB,1048576,1,7,65536,0.6983,0.4387,1432.05,2279.46,100.053,87.4042,0.134469,35.4297,f893f568b7eca5a52611e506722cd6dc540e162566442377cc042a6abf401eb3,PASS
JPG_1MB,1MB.jpg,JPG,1MB,1048576,1,8,65536,0.6862,0.451,1457.3,2217.3,99.7059,56.1978,0.134469,35.4297,f893f568b7eca5a52611e506722cd6dc540e162566442377cc042a6abf401eb3,PASS
JPG_1MB,1MB.jpg,JPG,1MB,1048576,1,9,65536,0.6175,0.3847,1619.43,2599.43,99.3316,31.246,0.134469,35.4297,f893f568b7eca5a52611e506722cd6dc540e162566442377cc042a6abf401eb3,PASS
JPG_1MB,1MB.jpg,JPG,1MB,1048576,1,10,65536,0.6352,0.4476,1574.31,2234.14,99.1022,31.2205,0.134469,35.4297,f893f568b7eca5a52611e506722cd6dc540e162566442377cc042a6abf401eb3,PASS
JPG_5MB,5MB.jpg,JPG,5MB,5242880,5,1,65536,3.5964,2.2019,1390.28,2270.77,98.5561,37.0894,0.134469,39.4297,3aa8e8c6db9cbbe2e693f69fcb792e82688c338355e6b3750384b3061187d72b,PASS
JPG_5MB,5MB.jpg,JPG,5MB,5242880,5,2,65536,4.1044,2.2023,1218.2,2270.35,98.3428,12.4508,0.134469,39.4297,3aa8e8c6db9cbbe2e693f69fcb792e82688c338355e6b3750384b3061187d72b,PASS
JPG_5MB,5MB.jpg,JPG,5MB,5242880,5,3,65536,3.2381,2.1478,1544.12,2327.96,99.679,56.0355,0.134469,39.4336,3aa8e8c6db9cbbe2e693f69fcb792e82688c338355e6b3750384b3061187d72b,PASS
JPG_5MB,5MB.jpg,JPG,5MB,5242880,5,4,65536,3.189,2.0559,1567.89,2432.02,99.6852,31.2107,0.134469,39.4336,3aa8e8c6db9cbbe2e693f69fcb792e82688c338355e6b3750384b3061187d72b,PASS
JPG_5MB,5MB.jpg,JPG,5MB,5242880,5,5,65536,2.8671,2.0379,1743.92,2453.51,99.8245,62.3103,0.134469,39.3828,3aa8e8c6db9cbbe2e693f69fcb792e82688c338355e6b3750384b3061187d72b,PASS
JPG_5MB,5MB.jpg,JPG,5MB,5242880,5,6,65536,2.8608,2.0177,1747.76,2478.07,99.8231,62.4866,0.134469,39.3828,3aa8e8c6db9cbbe2e693f69fcb792e82688c338355e6b3750384b3061187d72b,PASS
JPG_5MB,5MB.jpg,JPG,5MB,5242880,5,7,65536,2.8481,2.0088,1755.56,2489.05,99.9874,55.8648,0.134469,39.3828,3aa8e8c6db9cbbe2e693f69fcb792e82688c338355e6b3750384b3061187d72b,PASS
JPG_5MB,5MB.jpg,JPG,5MB,5242880,5,8,65536,3.1722,2.1175,1576.19,2361.28,99.1402,43.5493,0.134469,39.3828,3aa8e8c6db9cbbe2e693f69fcb792e82688c338355e6b3750384b3061187d72b,PASS
JPG_5MB,5MB.jpg,JPG,5MB,5242880,5,9,65536,2.6522,2.0664,1885.23,2419.67,99.7591,74.9843,0.134469,39.3828,3aa8e8c6db9cbbe2e693f69fcb792e82688c338355e6b3750384b3061187d72b,PASS
JPG_5MB,5MB.jpg,JPG,5MB,5242880,5,10,65536,2.8678,1.8955,1743.5,2637.83,99.5477,49.815,0.134469,39.3828,3aa8e8c6db9cbbe2e693f69fcb792e82688c338355e6b3750384b3061187d72b,PASS
JPG_10MB,10MB.jpg,JPG,10MB,10485760,10,1,65536,5.7099,4.0399,1751.34,2475.31,99.7628,67.3674,0.13447,44.3828,c733f5cdaa826f239294eb329cec0954954f55fad01028669c1789420ad5a9ad,PASS
JPG_10MB,10MB.jpg,JPG,10MB,10485760,10,2,65536,7.1424,4.6553,1400.09,2148.09,99.0119,62.3779,0.13447,44.3828,c733f5cdaa826f239294eb329cec0954954f55fad01028669c1789420ad5a9ad,PASS
JPG_10MB,10MB.jpg,JPG,10MB,10485760,10,3,65536,5.2345,4.014,1910.4,2491.28,98.9912,48.8493,0.13447,44.3828,c733f5cdaa826f239294eb329cec0954954f55fad01028669c1789420ad5a9ad,PASS
JPG_10MB,10MB.jpg,JPG,10MB,10485760,10,4,65536,5.8148,4.0419,1719.75,2474.08,99.1483,55.4456,0.13447,44.3867,c733f5cdaa826f239294eb329cec0954954f55fad01028669c1789420ad5a9ad,PASS
JPG_10MB,10MB.jpg,JPG,10MB,10485760,10,5,65536,5.7163,4.2712,1749.38,2341.26,99.0791,49.7849,0.13447,44.3867,c733f5cdaa826f239294eb329cec0954954f55fad01028669c1789420ad5a9ad,PASS
JPG_10MB,10MB.jpg,JPG,10MB,10485760,10,6,65536,6.4479,4.2979,1550.89,2326.72,99.4506,61.9187,0.13447,44.3867,c733f5cdaa826f239294eb329cec0954954f55fad01028669c1789420ad5a9ad,PASS
JPG_10MB,10MB.jpg,JPG,10MB,10485760,10,7,65536,6.2786,4.1874,1592.71,2388.12,98.9165,6.16879,0.13447,44.3867,c733f5cdaa826f239294eb329cec0954954f55fad01028669c1789420ad5a9ad,PASS
JPG_10MB,10MB.jpg,JPG,10MB,10485760,10,8,65536,6.6332,4.7333,1507.57,2112.69,98.7985,30.7178,0.13447,44.3867,c733f5cdaa826f239294eb329cec0954954f55fad01028669c1789420ad5a9ad,PASS
JPG_10MB,10MB.jpg,JPG,10MB,10485760,10,9,65536,6.4475,4.2444,1550.99,2356.05,99.1678,6.13444,0.13447,44.3867,c733f5cdaa826f239294eb329cec0954954f55fad01028669c1789420ad5a9ad,PASS
JPG_10MB,10MB.jpg,JPG,10MB,10485760,10,10,65536,9.5841,6.6071,1043.39,1513.52,97.6281,24.6883,0.13447,44.3867,c733f5cdaa826f239294eb329cec0954954f55fad01028669c1789420ad5a9ad,PASS
JPG_50MB,50MB.jpg,JPG,50MB,52428800,50,1,65536,32.6572,22.0349,1531.06,2269.13,99.1878,39.4532,0.13447,84.3945,8688782766b6255caeef8d91d32680e199ec14339e23c5d096f683e9f4852060,PASS
JPG_50MB,50MB.jpg,JPG,50MB,52428800,50,2,65536,30.5517,21.2118,1636.57,2357.18,98.2585,16.9054,0.13447,84.3945,8688782766b6255caeef8d91d32680e199ec14339e23c5d096f683e9f4852060,PASS
JPG_50MB,50MB.jpg,JPG,50MB,52428800,50,3,65536,38.5158,21.6064,1298.17,2314.13,99.8922,71.8912,0.13447,84.3945,8688782766b6255caeef8d91d32680e199ec14339e23c5d096f683e9f4852060,PASS
JPG_50MB,50MB.jpg,JPG,50MB,52428800,50,4,65536,28.6226,19.6681,1746.87,2542.19,99.4195,56.1868,0.13447,84.3984,8688782766b6255caeef8d91d32680e199ec14339e23c5d096f683e9f4852060,PASS
JPG_50MB,50MB.jpg,JPG,50MB,52428800,50,5,65536,28.1846,21.4941,1774.02,2326.22,98.7793,42.0052,0.13447,84.3984,8688782766b6255caeef8d91d32680e199ec14339e23c5d096f683e9f4852060,PASS
JPG_50MB,50MB.jpg,JPG,50MB,52428800,50,6,65536,28.4403,20.2966,1758.07,2463.47,98.157,11.5027,0.13447,84.4023,8688782766b6255caeef8d91d32680e199ec14339e23c5d096f683e9f4852060,PASS
JPG_50MB,50MB.jpg,JPG,50MB,52428800,50,7,65536,29.3477,21.546,1703.71,2320.62,98.7027,67.1656,0.13447,84.4023,8688782766b6255caeef8d91d32680e199ec14339e23c5d096f683e9f4852060,PASS
JPG_50MB,50MB.jpg,JPG,50MB,52428800,50,8,65536,29.39,21.1465,1701.26,2364.46,99.2651,35.5909,0.13447,84.4023,8688782766b6255caeef8d91d32680e199ec14339e23c5d096f683e9f4852060,PASS
JPG_50MB,50MB.jpg,JPG,50MB,52428800,50,9,65536,30.5161,21.8399,1638.48,2289.39,98.3386,24.409,0.13447,84.4023,8688782766b6255caeef8d91d32680e199ec14339e23c5d096f683e9f4852060,PASS
JPG_50MB,50MB.jpg,JPG,50MB,52428800,50,10,65536,30.2469,21.558,1653.06,2319.32,98.7973,16.7847,0.13447,84.4023,8688782766b6255caeef8d91d32680e199ec14339e23c5d096f683e9f4852060,PASS
