trial,flipped_bit_index,byte_offset,differing_bits_of_256
1,76,9,139
2,234,29,122
3,362,45,141
4,236,29,122
5,205,25,111
6,458,57,113
7,4937,617,123
8,985,123,117
9,6084,760,124
10,1588,198,130
11,2262,282,124
12,2666,333,144
13,733,91,138
14,7621,952,124
15,3951,493,127
16,7774,971,127
17,3799,474,126
18,4704,588,131
19,8030,1003,136
20,5163,645,115
21,3644,455,128
22,1506,188,124
23,2897,362,143
24,5445,680,115
25,1460,182,114
26,4888,611,132
27,784,98,121
28,1761,220,141
29,5511,688,126
30,5130,641,128
31,6911,863,124
32,258,32,132
33,6282,785,123
34,2761,345,125
35,6835,854,127
36,4708,588,116
37,3968,496,128
38,4166,520,123
39,7607,950,125
40,1919,239,134
41,7705,963,133
42,7953,994,138
43,6273,784,123
44,4222,527,129
45,7132,891,114
46,2563,320,129
47,2768,346,118
48,5101,637,134
49,1827,228,135
50,2981,372,132
51,112,14,122
52,2489,311,132
53,278,34,130
54,7523,940,129
55,7741,967,133
56,4975,621,126
57,7013,876,131
58,1760,220,137
59,3663,457,127
60,7862,982,123
61,4664,583,132
62,138,17,135
63,2816,352,129
64,6075,759,131
65,850,106,122
66,120,15,132
67,2523,315,118
68,4126,515,136
69,6835,854,127
70,5322,665,131
71,1495,186,121
72,3174,396,122
73,7049,881,138
74,4883,610,139
75,3496,437,138
76,6652,831,133
77,5336,667,111
78,2013,251,133
79,1146,143,130
80,3584,448,131
81,3462,432,129
82,679,84,134
83,6183,772,133
84,4338,542,137
85,8097,1012,122
86,5305,663,124
87,986,123,127
88,5150,643,130
89,5962,745,132
90,5073,634,130
91,3376,422,110
92,7396,924,121
93,183,22,131
94,231,28,118
95,4488,561,131
96,6981,872,127
97,5557,694,125
98,2600,325,135
99,4502,562,112
100,4799,599,130
101,8184,1023,122
102,594,74,124
103,3852,481,140
104,6184,773,128
105,2368,296,140
106,1037,129,136
107,5599,699,121
108,7535,941,121
109,3340,417,136
110,3996,499,129
111,7499,937,123
112,6574,821,129
113,286,35,133
114,7306,913,129
115,5383,672,124
116,173,21,121
117,3809,476,103
118,2235,279,122
119,973,121,108
120,3043,380,132
121,3734,466,129
122,6659,832,124
123,2243,280,139
124,1519,189,131
125,6327,790,142
126,2675,334,130
127,2797,349,129
128,6943,867,127
129,4875,609,128
130,3789,473,136
131,5320,665,128
132,5548,693,140
133,4668,583,116
134,3977,497,113
135,6070,758,133
136,7077,884,121
137,5363,670,116
138,3442,430,138
139,4988,623,128
140,2418,302,113
141,8165,1020,141
142,652,81,119
143,7955,994,132
144,8095,1011,127
145,2009,251,128
146,20,2,129
147,8180,1022,136
148,3749,468,124
149,399,49,126
150,6536,817,119
151,3456,432,133
152,936,117,121
153,6483,810,125
154,4416,552,134
155,235,29,129
156,511,63,119
157,4320,540,115
158,1909,238,113
159,1225,153,132
160,2900,362,134
161,1173,146,116
162,7776,972,128
163,5846,730,135
164,8157,1019,126
165,169,21,125
166,5214,651,127
167,818,102,128
168,4038,504,122
169,7913,989,139
170,580,72,130
171,6407,800,128
172,4904,613,121
173,1835,229,121
174,559,69,130
175,3067,383,127
176,5043,630,119
177,6493,811,139
178,5770,721,137
179,1131,141,123
180,3574,446,137
181,2852,356,128
182,6147,768,126
183,365,45,134
184,6779,847,136
185,2166,270,118
186,5596,699,144
187,2826,353,135
188,1359,169,127
189,3315,414,143
190,3365,420,129
191,3173,396,119
192,2818,352,118
193,7670,958,132
194,3863,482,133
195,5430,678,117
196,7668,958,126
197,7541,942,144
198,1416,177,123
199,7672,959,137
200,4048,506,132
201,317,39,139
202,2997,374,134
203,8129,1016,130
204,959,119,130
205,6221,777,129
206,2440,305,134
207,1358,169,136
208,5662,707,132
209,5104,638,120
210,5424,678,140
211,232,29,140
212,3137,392,130
213,2879,359,120
214,7528,941,127
215,8183,1022,126
216,1260,157,123
217,1805,225,126
218,895,111,126
219,3624,453,124
220,5282,660,146
221,5580,697,118
222,157,19,137
223,3245,405,141
224,3490,436,126
225,473,59,112
226,218,27,129
227,2560,320,122
228,77,9,123
229,717,89,129
230,3911,488,127
231,1941,242,125
232,3786,473,137
233,5110,638,132
234,5670,708,111
235,1031,128,127
236,2005,250,120
237,2807,350,132
238,2736,342,142
239,169,21,125
240,5787,723,132
241,8032,1004,125
242,4315,539,128
243,3402,425,129
244,4178,522,135
245,6459,807,129
246,3701,462,132
247,2795,349,119
248,1540,192,129
249,2869,358,128
250,4443,555,127
251,2,0,127
252,6888,861,145
253,5328,666,149
254,6468,808,123
255,6214,776,127
256,5349,668,114
257,95,11,118
258,587,73,129
259,7214,901,123
260,7884,985,133
261,593,74,128
262,4473,559,137
263,5467,683,136
264,84,10,128
265,1539,192,140
266,6676,834,131
267,3717,464,139
268,4778,597,127
269,290,36,126
270,7089,886,126
271,3576,447,138
272,4932,616,127
273,4075,509,127
274,4062,507,130
275,703,87,132
276,982,122,133
277,5770,721,137
278,3942,492,128
279,499,62,148
280,4594,574,132
281,6475,809,137
282,3377,422,127
283,6431,803,131
284,1640,205,130
285,3508,438,142
286,3461,432,117
287,6240,780,129
288,7271,908,124
289,5862,732,129
290,7365,920,126
291,5630,703,138
292,7314,914,141
293,2088,261,140
294,1645,205,130
295,1870,233,114
296,4193,524,134
297,5225,653,117
298,7127,890,132
299,4016,502,127
300,1736,217,134
301,7633,954,134
302,6357,794,140
303,1565,195,129
304,7452,931,115
305,8121,1015,129
306,3544,443,122
307,7756,969,125
308,2246,280,131
309,581,72,126
310,1405,175,126
311,1987,248,140
312,3728,466,136
313,1687,210,126
314,326,40,123
315,626,78,124
316,7306,913,129
317,8136,1017,129
318,7921,990,117
319,1671,208,137
320,4220,527,131
321,4299,537,131
322,1314,164,127
323,3066,383,132
324,5520,690,124
325,3242,405,123
326,1397,174,134
327,2130,266,136
328,3175,396,135
329,6576,822,122
330,5975,746,126
331,7784,973,132
332,7748,968,130
333,882,110,121
334,2379,297,150
335,1839,229,126
336,5270,658,111
337,1269,158,121
338,6034,754,122
339,4373,546,124
340,342,42,129
341,7516,939,134
342,3613,451,123
343,1913,239,127
344,3208,401,141
345,3449,431,125
346,6698,837,129
347,609,76,127
348,1242,155,116
349,1273,159,137
350,2132,266,124
351,62,7,132
352,3810,476,124
353,2544,318,134
354,3304,413,126
355,2147,268,135
356,230,28,130
357,6005,750,132
358,2118,264,139
359,6699,837,133
360,7764,970,121
361,3481,435,120
362,3862,482,142
363,5919,739,138
364,4286,535,120
365,2032,254,131
366,6382,797,134
367,4348,543,131
368,1806,225,125
369,3591,448,133
370,7657,957,132
371,3769,471,137
372,684,85,118
373,1773,221,133
374,7067,883,137
375,836,104,128
376,2632,329,125
377,4338,542,137
378,3596,449,124
379,2474,309,136
380,2937,367,129
381,5719,714,123
382,4282,535,126
383,3832,479,113
384,2889,361,127
385,3304,413,126
386,682,85,140
387,2106,263,133
388,2382,297,130
389,4334,541,129
390,6122,765,109
391,5658,707,129
392,1601,200,137
393,2407,300,131
394,7873,984,142
395,3602,450,123
396,6999,874,130
397,1218,152,137
398,7074,884,133
399,1192,149,135
400,6007,750,130
401,7023,877,142
402,64,8,117
403,4213,526,127
404,3701,462,132
405,3878,484,145
406,1305,163,131
407,7619,952,128
408,5529,691,130
409,7560,945,127
410,7698,962,129
411,4148,518,119
412,1459,182,126
413,4303,537,128
414,4879,609,131
415,3200,400,127
416,2321,290,136
417,3876,484,129
418,1657,207,125
419,6094,761,120
420,4586,573,122
421,2964,370,135
422,6843,855,126
423,1280,160,125
424,2696,337,127
425,1159,144,125
426,8182,1022,125
427,2184,273,136
428,1201,150,130
429,2295,286,134
430,7969,996,126
431,435,54,126
432,6586,823,136
433,5564,695,130
434,705,88,116
435,8093,1011,123
436,3897,487,126
437,8175,1021,147
438,4947,618,131
439,5180,647,120
440,2988,373,116
441,2203,275,126
442,7566,945,124
443,1971,246,134
444,8008,1001,132
445,4569,571,129
446,4960,620,139
447,5956,744,125
448,7703,962,121
449,3696,462,144
450,7862,982,123
451,3304,413,126
452,2763,345,130
453,5002,625,132
454,4520,565,133
455,2214,276,112
456,4299,537,131
457,4658,582,125
458,3306,413,121
459,1023,127,125
460,6335,791,118
461,5919,739,138
462,1472,184,125
463,6372,796,123
464,3413,426,131
465,908,113,130
466,5086,635,138
467,1321,165,116
468,4899,612,116
469,3481,435,120
470,2654,331,130
471,1787,223,122
472,233,29,130
473,938,117,123
474,2636,329,128
475,709,88,110
476,7217,902,142
477,7624,953,115
478,3301,412,129
479,6610,826,127
480,6713,839,139
481,8118,1014,137
482,3448,431,125
483,319,39,133
484,5053,631,135
485,1367,170,131
486,5227,653,112
487,808,101,136
488,1697,212,143
489,4938,617,126
490,929,116,133
491,1765,220,134
492,2291,286,116
493,7099,887,125
494,1773,221,133
495,7503,937,119
496,5207,650,131
497,4278,534,116
498,7899,987,125
499,5879,734,122
500,2720,340,135
501,2456,307,130
502,805,100,133
503,7065,883,122
504,2010,251,120
505,1460,182,114
506,6109,763,123
507,7272,909,130
508,4137,517,134
509,4764,595,136
510,7880,985,130
511,4112,514,128
512,7735,966,129
513,88,11,141
514,4592,574,123
515,4912,614,113
516,1462,182,128
517,4162,520,136
518,7207,900,115
519,1395,174,141
520,2795,349,119
521,5836,729,136
522,1585,198,123
523,4456,557,125
524,7590,948,120
525,2495,311,123
526,2457,307,125
527,6159,769,127
528,83,10,130
529,6277,784,135
530,2706,338,122
531,7667,958,138
532,210,26,122
533,2516,314,127
534,7773,971,110
535,2390,298,124
536,3121,390,129
537,6170,771,128
538,4167,520,132
539,454,56,138
540,4679,584,127
541,798,99,127
542,6022,752,131
543,5822,727,127
544,3066,383,132
545,3894,486,109
546,6383,797,123
547,3924,490,134
548,7679,959,127
549,2902,362,130
550,3273,409,140
551,8057,1007,121
552,6039,754,116
553,5852,731,131
554,5315,664,113
555,622,77,131
556,5389,673,122
557,2571,321,122
558,4471,558,138
559,5033,629,122
560,7010,876,134
561,2625,328,115
562,3567,445,121
563,2838,354,130
564,184,23,129
565,6092,761,113
566,7108,888,118
567,7887,985,119
568,0,0,119
569,2288,286,121
570,4135,516,122
571,5892,736,116
572,1933,241,140
573,1394,174,137
574,764,95,142
575,7256,907,125
576,1516,189,117
577,2871,358,127
578,4905,613,129
579,4052,506,135
580,7115,889,134
581,7843,980,127
582,3197,399,125
583,5203,650,141
584,5599,699,121
585,7443,930,113
586,1420,177,139
587,5587,698,129
588,5868,733,122
589,4070,508,134
590,360,45,127
591,7513,939,135
592,4429,553,128
593,6179,772,128
594,366,45,122
595,4018,502,141
596,1129,141,129
597,5335,666,124
598,4945,618,125
599,5660,707,125
600,4813,601,140
601,6991,873,143
602,3090,386,114
603,894,111,123
604,3978,497,142
605,6043,755,128
606,987,123,113
607,837,104,125
608,6851,856,111
609,8066,1008,115
610,370,46,122
611,3806,475,126
612,4976,622,128
613,4845,605,132
614,5827,728,126
615,509,63,121
616,6717,839,134
617,2736,342,142
618,963,120,128
619,1002,125,145
620,1804,225,119
621,1906,238,133
622,108,13,119
623,1423,177,127
624,3689,461,133
625,3867,483,128
626,862,107,136
627,3403,425,129
628,3792,474,118
629,4349,543,138
630,728,91,120
631,7491,936,117
632,7546,943,132
633,2681,335,132
634,7528,941,127
635,4421,552,128
636,4292,536,138
637,2215,276,125
638,4880,610,119
639,7673,959,134
640,3162,395,121
641,7472,934,137
642,250,31,120
643,4127,515,130
644,3959,494,123
645,674,84,124
646,7350,918,137
647,5534,691,119
648,6758,844,129
649,5947,743,104
650,4433,554,135
651,6816,852,129
652,114,14,136
653,5044,630,122
654,4462,557,121
655,8062,1007,115
656,6842,855,121
657,6654,831,119
658,253,31,139
659,7768,971,139
660,888,111,132
661,4467,558,139
662,5774,721,134
663,3394,424,122
664,2561,320,136
665,7088,886,160
666,7208,901,127
667,7821,977,120
668,2117,264,135
669,3789,473,136
670,2219,277,124
671,7223,902,134
672,3515,439,131
673,2938,367,134
674,4978,622,144
675,3110,388,145
676,1237,154,109
677,7593,949,124
678,3491,436,123
679,6734,841,139
680,7775,971,118
681,7629,953,123
682,4246,530,135
683,8069,1008,140
684,830,103,119
685,339,42,139
686,4464,558,125
687,2464,308,136
688,2767,345,129
689,3448,431,125
690,2612,326,133
691,7668,958,126
692,2462,307,122
693,7780,972,146
694,2772,346,123
695,895,111,126
696,7833,979,123
697,2913,364,137
698,4281,535,125
699,7730,966,116
700,4459,557,146
701,155,19,117
702,1679,209,116
703,3128,391,124
704,7333,916,151
705,937,117,136
706,1131,141,123
707,5090,636,115
708,2067,258,138
709,3553,444,133
710,4557,569,131
711,108,13,119
712,1858,232,140
713,7452,931,115
714,2862,357,124
715,5965,745,137
716,1604,200,118
717,1888,236,144
718,5456,682,135
719,1280,160,125
720,235,29,129
721,7259,907,129
722,5764,720,134
723,4252,531,127
724,3500,437,127
725,311,38,126
726,4252,531,127
727,4897,612,150
728,3103,387,136
729,5821,727,121
730,5799,724,115
731,1735,216,118
732,1130,141,119
733,1391,173,125
734,453,56,113
735,1465,183,125
736,65,8,129
737,3823,477,128
738,2484,310,124
739,3527,440,128
740,7358,919,146
741,2373,296,131
742,6188,773,128
743,2268,283,127
744,5465,683,130
745,8064,1008,127
746,5958,744,107
747,1425,178,128
748,5651,706,135
749,2175,271,125
750,4824,603,129
751,3298,412,124
752,5012,626,118
753,6010,751,130
754,2186,273,123
755,6288,786,123
756,4233,529,139
757,6234,779,121
758,4041,505,129
759,1605,200,130
760,7990,998,128
761,4394,549,126
762,7314,914,141
763,116,14,121
764,816,102,131
765,2796,349,128
766,4710,588,147
767,7951,993,125
768,3000,375,134
769,3176,397,136
770,3986,498,130
771,2589,323,135
772,7552,944,125
773,3837,479,124
774,2031,253,122
775,971,121,127
776,2969,371,123
777,5737,717,124
778,7825,978,126
779,7354,919,136
780,4149,518,129
781,3139,392,136
782,1995,249,121
783,6125,765,136
784,7049,881,138
785,680,85,131
786,628,78,140
787,3893,486,117
788,5883,735,127
789,5027,628,124
790,1918,239,126
791,3774,471,131
792,1705,213,127
793,220,27,134
794,4719,589,123
795,2257,282,112
796,8131,1016,134
797,2313,289,131
798,2214,276,112
799,7563,945,124
800,2162,270,128
801,5516,689,127
802,4492,561,131
803,2312,289,142
804,2600,325,135
805,7342,917,117
806,5378,672,125
807,350,43,126
808,6629,828,128
809,4103,512,130
810,7131,891,128
811,6264,783,128
812,3456,432,133
813,2355,294,141
814,5714,714,118
815,7739,967,126
816,4814,601,127
817,7038,879,109
818,3217,402,132
819,1242,155,116
820,1133,141,118
821,200,25,136
822,1291,161,97
823,7873,984,142
824,5289,661,124
825,7455,931,132
826,743,92,136
827,7016,877,133
828,7982,997,137
829,3227,403,134
830,2528,316,98
831,6959,869,135
832,5201,650,129
833,3131,391,147
834,3487,435,134
835,3948,493,129
836,6392,799,128
837,6438,804,119
838,5141,642,138
839,7990,998,128
840,1378,172,120
841,6864,858,130
842,5010,626,120
843,3506,438,119
844,117,14,137
845,7515,939,126
846,6994,874,125
847,2458,307,144
848,4303,537,128
849,6603,825,144
850,3414,426,126
851,1003,125,123
852,517,64,127
853,1025,128,120
854,6722,840,143
855,3686,460,134
856,2197,274,119
857,4265,533,126
858,2681,335,132
859,2494,311,133
860,3535,441,123
861,723,90,129
862,1568,196,134
863,7921,990,117
864,6868,858,123
865,1858,232,140
866,1224,153,136
867,1659,207,124
868,5266,658,131
869,4848,606,126
870,2770,346,132
871,3501,437,136
872,624,78,118
873,4288,536,114
874,1565,195,129
875,88,11,141
876,4919,614,114
877,2766,345,137
878,2745,343,127
879,7530,941,135
880,3839,479,132
881,5683,710,108
882,1881,235,134
883,5957,744,122
884,3255,406,136
885,1972,246,127
886,7992,999,118
887,217,27,132
888,6523,815,132
889,5018,627,135
890,3676,459,131
891,7954,994,133
892,888,111,132
893,8088,1011,144
894,1260,157,123
895,1452,181,127
896,3730,466,131
897,6089,761,132
898,2870,358,131
899,2162,270,128
900,6814,851,131
901,3317,414,125
902,7744,968,123
903,3539,442,127
904,4425,553,125
905,5036,629,109
906,6261,782,129
907,2570,321,131
908,7006,875,138
909,5752,719,119
910,2087,260,117
911,1475,184,118
912,1530,191,128
913,2575,321,122
914,1456,182,124
915,4444,555,126
916,7604,950,123
917,279,34,126
918,6009,751,117
919,6127,765,132
920,7537,942,124
921,4309,538,129
922,3334,416,135
923,8129,1016,130
924,6341,792,130
925,1543,192,126
926,1520,190,123
927,7467,933,151
928,5835,729,131
929,495,61,127
930,7120,890,135
931,5419,677,134
932,433,54,121
933,3817,477,111
934,1518,189,129
935,3846,480,117
936,5277,659,126
937,6153,769,137
938,6279,784,126
939,4563,570,126
940,3987,498,124
941,7981,997,130
942,4941,617,113
943,894,111,123
944,6081,760,126
945,2382,297,130
946,6078,759,136
947,5342,667,125
948,5978,747,139
949,7408,926,110
950,4442,555,112
951,5711,713,137
952,7894,986,136
953,5524,690,124
954,410,51,121
955,4196,524,121
956,765,95,136
957,8153,1019,132
958,5760,720,116
959,6169,771,128
960,1154,144,134
961,4706,588,126
962,5631,703,118
963,2921,365,123
964,570,71,137
965,1721,215,131
966,952,119,123
967,963,120,128
968,681,85,129
969,3468,433,128
970,6964,870,122
971,1212,151,130
972,2422,302,139
973,1220,152,128
974,4665,583,128
975,3795,474,122
976,6910,863,122
977,2611,326,129
978,6025,753,139
979,1804,225,119
980,4703,587,130
981,6819,852,136
982,4410,551,146
983,7928,991,132
984,7938,992,105
985,4247,530,130
986,2903,362,123
987,5530,691,143
988,6091,761,128
989,7721,965,111
990,4744,593,130
991,6141,767,132
992,2816,352,129
993,6814,851,131
994,4798,599,119
995,889,111,142
996,6101,762,127
997,3244,405,121
998,5285,660,131
999,3931,491,115
1000,6201,775,123
